cycle,conditioned_error,conservative_error,open_loop_error,beta,maximum_raw_offset_us,maximum_applied_offset_us,minimum_raw_dwell_us,minimum_applied_dwell_us,minimum_conservative_dwell_us,conditioned_vc1_v,conditioned_vc2_v,conditioned_il_a,conservative_vc1_v,conservative_vc2_v,conservative_il_a,open_vc1_v,open_vc2_v,open_il_a,raw_offset_1_us,applied_offset_1_us,raw_offset_2_us,applied_offset_2_us,raw_offset_3_us,applied_offset_3_us,raw_offset_4_us,applied_offset_4_us,raw_offset_5_us,applied_offset_5_us,raw_offset_6_us,applied_offset_6_us,raw_offset_7_us,applied_offset_7_us,raw_offset_8_us,applied_offset_8_us,raw_dwell_1_us,applied_dwell_1_us,raw_dwell_2_us,applied_dwell_2_us,raw_dwell_3_us,applied_dwell_3_us,raw_dwell_4_us,applied_dwell_4_us,raw_dwell_5_us,applied_dwell_5_us,raw_dwell_6_us,applied_dwell_6_us,raw_dwell_7_us,applied_dwell_7_us,raw_dwell_8_us,applied_dwell_8_us,raw_dwell_9_us,applied_dwell_9_us
0,0.983946311454543,0.983946311454543,0.983946311454543,0.293978247541652,65.2171217738912,19.172415168799,-43.0447066050922,3.00000000000002,15.5016236980524,7.5143,20.8211,0.0314,7.5143,20.8211,0.0314,7.5143,20.8211,0.0314,-15.1933227546183,-4.46650639773739,-39.5698241957014,-11.6326675725835,-27.1827798785593,-7.99114599200934,44.2809121972022,13.0176249672792,41.9621917826516,12.3359716032706,-30.3809641429137,-8.93134259735952,-63.6542562226834,-18.7129666929117,65.2171217738912,19.172415168799,48.6958607515007,59.4226771083816,-0.708902065204083,16.5014382010329,34.3870443171421,25.6415215805742,94.4449690452625,43.9900479287896,19.6812795854495,21.3183466359914,-8.67114766764035,42.4046940572948,-11.1032027491447,12.3884652350728,152.318805387727,61.3328092528627,-43.0447066050922,3.00000000000002
1,0.623472020812322,0.729755325538906,0.762669612182887,0.447286206007492,42.8638641462551,19.172415168799,-20.6914489774561,3.00000000000002,15.9377535634335,7.58128954886745,20.7103905991159,0.408908573883186,7.4956813682758,20.7169722675582,0.297850693330355,7.40579814116816,20.7475708358773,0.266111912874395,-8.07511799450741,-3.61188889082605,-28.5655248909292,-12.7769652510763,-12.0553684799394,-5.39220002941441,20.9148402443581,9.35491954215174,30.1519044072566,13.4865309262224,-13.8888027312075,-6.21226987962829,-41.731697351241,-18.6660125784895,42.8638641462551,19.172415168799,55.8140655116116,60.2772946152929,3.1771924794572,14.5025230156287,38.5101564109898,29.3847652216619,55.9514856937985,37.7283965410671,31.2370641628985,26.1316113840707,19.6313011194609,43.9732074520743,-5.67280528940856,9.71634663176376,108.042988888648,61.2858551384405,-20.6914489774561,3.00000000000002
2,0.356148798440428,0.545722212223871,0.603259409713213,0.778542966765438,24.6260206401368,19.172415168799,-2.45360547133781,3.00000000000002,16.5513554762118,8.06708739204294,20.4921544388595,0.684409763598871,7.62359512717161,20.5824193703854,0.491683957400711,7.32384055129754,20.6909310704877,0.442494210421166,-2.71595121998357,-2.11448472039622,-18.7296392894111,-14.5818289388246,-3.54331342146309,-2.75862174332567,6.39606212534335,4.97960918268087,19.6917471810286,15.330871271113,-4.41958446254811,-3.44083639934264,-23.9140998900852,-18.6181542759519,24.6260206401368,19.172415168799,61.1732322861354,61.7746987857228,7.65391130645149,11.2002551574506,37.186325867948,33.823207195499,32.9206525163074,30.7195078955075,35.2956850556853,32.3512620884321,39.5606766143482,44.9003005874693,2.67557390308795,6.9927714540157,71.987547921374,61.2379968359029,-2.45360547133781,3.00000000000002
3,0.139008200724249,0.411777826791058,0.491275665934909,1,9.09109871328832,9.09109871328832,13.2091384720958,13.2091384720958,17.2458161561191,9.06465797973376,20.0474202225646,0.879816206639303,7.83671442868844,20.4313266121033,0.631980811172803,7.26183335311358,20.6469827951848,0.575042508304818,0.774892089065283,0.774892089065283,-8.65318866058991,-8.65318866058991,-0.96587103978297,-0.96587103978297,0.129688932138395,0.129688932138395,9.09109871328832,9.09109871328832,-1.22752238277475,-1.22752238277475,-8.69757374779043,-8.69757374779043,8.9632766967032,8.9632766967032,64.6640755951843,64.6640755951843,14.2395186262238,14.2395186262238,29.687317620807,29.687317620807,24.0768369414224,24.0768369414224,30.96140978115,30.96140978115,53.3533871618619,53.3533871618619,14.7000379656093,14.7000379656093,41.1082778356457,41.1082778356457,13.2091384720958,13.2091384720958
4,0.0342687722513543,0.313575687272055,0.415255805119223,1,2.88256970292499,2.88256970292499,19.608950097793,19.608950097793,17.9463584007065,9.76487988983559,19.6327987403565,0.957201669042037,8.08719617123382,20.2775664548602,0.733018841437438,7.2148213277022,20.6125713372375,0.67465008769222,1.3348306670101,1.3348306670101,-2.72381861107587,-2.72381861107587,-1.17450735474164,-1.17450735474164,-0.169561539104577,-0.169561539104577,2.88256970292499,2.88256970292499,-1.23042045578448,-1.23042045578448,-1.63619887577645,-1.63619887577645,1.66835278535728,1.66835278535728,65.2240141731291,65.2240141731291,19.608950097793,19.608950097793,23.5493112563342,23.5493112563342,23.9862227851381,23.9862227851381,25.0521312420296,25.0521312420296,59.5590180992155,59.5590180992155,21.764310910633,21.764310910633,26.7519790522857,26.7519790522857,20.5040623834417,20.5040623834417
5,0.0112104339294002,0.240958837121464,0.365725581146997,1,1.11003505872354,1.11003505872354,21.6813767222619,21.6813767222619,18.6047614364161,9.91229941714744,19.4634163428574,0.97513332411717,8.34261040138677,20.131318224016,0.805457402822428,7.17908068822675,20.585326003183,0.749503118617913,0.946103980623331,0.946103980623331,-1.04011867299378,-1.04011867299378,-0.84365208505651,-0.84365208505651,-0.0990227672707677,-0.0990227672707677,1.11003505872354,1.11003505872354,-0.856349395381297,-0.856349395381297,-0.190319013640871,-0.190319013640871,0.181335466752147,0.181335466752147,64.8352874867423,64.8352874867423,21.6813767222619,21.6813767222619,22.1964665879373,22.1964665879373,23.7259062872867,23.7259062872867,23.2090578259943,23.2090578259943,61.7056238038201,61.7056238038201,22.8361197123654,22.8361197123654,23.8190818715451,23.8190818715451,21.9910797020468,21.9910797020468
6,0.00531859108235053,0.186760640350987,0.334804710493734,1,0.585035224250111,0.585035224250111,21.9974529182742,21.9974529182742,19.195499502794,9.93146354709273,19.3866763579866,0.979892090338811,8.58367983453348,19.998557049711,0.857196229435758,7.15181305426454,20.5634652505687,0.80575340959683,0.585035224250111,0.585035224250111,-0.494604559003869,-0.494604559003869,-0.497151640729684,-0.497151640729684,-0.0857487203046973,-0.0857487203046973,0.530206131299065,0.530206131299065,-0.49942672861528,-0.49942672861528,0.0475179145090457,0.0475179145090457,-0.0579986755715845,-0.0579986755715845,64.4742187303691,64.4742187303691,22.587959592625,22.587959592625,21.9974529182742,21.9974529182742,23.392679889926,23.392679889926,22.6159548516038,22.6159548516038,62.6423753980106,62.6423753980106,22.7170339737493,22.7170339737493,23.3419108010714,23.3419108010714,22.2304138443706,22.2304138443706
7,0.00288988149930727,0.145918148141656,0.31623797389747,1,0.345026916594947,0.345026916594947,21.982548277689,21.982548277689,19.7091555699013,9.93074340802345,19.3459712695182,0.981341758110278,8.80068423972502,19.8818846201541,0.894036531116381,7.13091547719439,20.5456502768543,0.848023970882512,0.345026916594947,0.345026916594947,-0.263246139437857,-0.263246139437857,-0.28069786174884,-0.28069786174884,-0.0635549648158208,-0.0635549648158208,0.28262591367285,0.28262591367285,-0.280651674812403,-0.280651674812403,0.0606851291307894,0.0606851291307894,-0.0676984635859381,-0.0676984635859381,64.2342104227139,64.2342104227139,23.0593263198462,23.0593263198462,21.982548277689,21.982548277689,23.198419866434,23.198419866434,22.3461808784887,22.3461808784887,63.1087306694397,63.1087306694397,22.5114261345682,22.5114261345682,23.3190437984353,23.3190437984353,22.2401136323849,22.2401136323849
8,0.00162118045323776,0.114840619985564,0.305443192508181,1,0.199408787763285,0.199408787763285,21.9883372265849,21.9883372265849,20.1462782007952,9.92846224915862,19.3230807865841,0.981859130649441,8.9901027048234,19.7816444909447,0.920201492640023,7.11480761703596,20.5308749932306,0.879788939186842,0.199408787763285,0.199408787763285,-0.146212036134487,-0.146212036134487,-0.157874809549592,-0.157874809549592,-0.0412970283270609,-0.0412970283270609,0.157040865742682,0.157040865742682,-0.157486988471881,-0.157486988471881,0.0421127844308526,0.0421127844308526,-0.046314800962056,-0.046314800962056,64.0885922938823,64.0885922938823,23.3219785519812,23.3219785519812,21.9883372265849,21.9883372265849,23.0978547507235,23.0978547507235,22.1983378940698,22.1983378940698,63.3574804037104,63.3574804037104,22.3696891035277,22.3696891035277,23.3589998057591,23.3589998057591,22.2187299697611,22.2187299697611
9,0.000917077525834355,0.0909678574700071,0.299330656205689,1,0.114195458704126,0.114195458704126,21.9933252360549,21.9933252360549,20.5127850497414,9.92688222733992,19.3100423980166,0.982076037272402,9.15205641044858,19.6968717395465,0.938743312784553,7.10230186791911,20.5183833412635,0.903659086546284,0.114195458704126,0.114195458704126,-0.0824116045701956,-0.0824116045701956,-0.0890863685152811,-0.0890863685152811,-0.0250424018558236,-0.0250424018558236,0.0885231977168928,0.0885231977168928,-0.0887693678679399,-0.0887693678679399,0.0257296622142203,0.0257296622142203,-0.0281640567275979,-0.0281640567275979,64.0033789648231,64.0033789648231,23.4709923126047,23.4709923126047,21.9933252360549,21.9933252360549,23.0453209361604,23.0453209361604,22.1135655995727,22.1135655995727,63.4947156923401,63.4947156923401,22.2845883607072,22.2845883607072,23.3935336722102,23.3935336722102,22.2005792255266,22.2005792255266
10,0.000520160558770559,0.0724629052536346,0.295951960854891,1,0.0651187918925879,0.0651187918925879,21.9962618124695,21.9962618124695,20.8169436366345,9.92594476154667,19.3026096098182,0.982179577486095,9.28857756225772,19.6259642821462,0.951855641203001,7.09250575893312,20.5076071573456,0.921596376807593,0.0651187918925879,0.0651187918925879,-0.0466865055823537,-0.0466865055823537,-0.0504246931128217,-0.0504246931128217,-0.0146763610266893,-0.0146763610266893,0.050149308358858,0.050149308358858,-0.0502190342906084,-0.0502190342906084,0.0150571830248755,0.0150571830248755,-0.0164509559789145,-0.0164509559789145,63.9543022980116,63.9543022980116,23.5557940784041,23.5557940784041,21.9962618124695,21.9962618124695,23.0170253015871,23.0170253015871,22.0648256693856,22.0648256693856,63.5716399152755,63.5716399152755,22.2353655479405,22.2353655479405,23.4159192521482,23.4159192521482,22.1888661247779,22.1888661247779
11,0.000295323837906956,0.0579980695682264,0.294135016851033,1,0.0370598964747548,0.0370598964747548,21.9979008285786,21.9979008285786,21.0675771552985,9.92540741546179,19.298377360306,0.982233333419754,9.40253183770704,19.5671049275662,0.961108676461841,7.08474860953648,20.498119478577,0.935075202251274,0.0370598964747548,0.0370598964747548,-0.0264957876487911,-0.0264957876487911,-0.0285949590701698,-0.0285949590701698,-0.00846046886791162,-0.00846046886791162,0.0284609162012805,0.0284609162012805,-0.0284714386080875,-0.0284714386080875,0.00866344579961377,0.00866344579961377,-0.00945783312062373,-0.00945783312062373,63.9262434025937,63.9262434025937,23.6040436917555,23.6040436917555,21.9979008285786,21.9979008285786,23.0014114597032,23.0014114597032,22.0369213850692,22.0369213850692,63.6150759031156,63.6150759031156,22.2072242150327,22.2072242150327,23.4293061122318,23.4293061122318,22.1818730019196,22.1818730019196
12,0.000167739120390578,0.0466055920639102,0.293196196746266,1,0.0210718644543675,0.0210718644543675,21.9988153386121,21.9988153386121,21.2731009171694,9.92510180494193,19.2959699147274,0.982262569505099,9.49699483192082,19.5185015173917,0.967623107746224,7.07852641197782,20.4895994526952,0.945203550978616,0.0210718644543675,0.0210718644543675,-0.0150471193595574,-0.0150471193595574,-0.0162317807474403,-0.0162317807474403,-0.00483904277416949,-0.00483904277416949,0.0161630635709925,0.0161630635709925,-0.0161598832490063,-0.0161598832490063,0.00494923550343184,0.00494923550343184,-0.00540117436321449,-0.00540117436321449,63.9102553705734,63.9102553705734,23.6314803920651,23.6314803920651,21.9988153386121,21.9988153386121,22.9926697074742,22.9926697074742,22.0210021063452,22.0210021063452,63.639685311105,63.639685311105,22.1911984493774,22.1911984493774,23.4370769812853,23.4370769812853,22.1778163431622,22.1778163431622
13,9.5289368623578e-05,0.0375732741703673,0.29274465052426,1,0.0119761611371085,0.0119761611371085,21.9993291928464,21.9993291928464,21.4410740336829,9.92492823304336,19.2946012956002,0.982278845899844,9.57491941471939,19.4785083244662,0.972197158862525,7.0734604110968,20.4818059683089,0.952814062748546,0.0119761611371085,0.0119761611371085,-0.00854757016896279,-0.00854757016896279,-0.00921837732253305,-0.00921837732253305,-0.00275757917884328,-0.00275757917884328,0.00918146433756693,0.00918146433756693,-0.00917709370628716,-0.00917709370628716,0.0028186388267258,0.0028186388267258,-0.00307555652610552,-0.00307555652610552,63.9011596672561,63.9011596672561,23.6470756445729,23.6470756445729,21.9993291928464,21.9993291928464,22.9877377676447,22.9877377676447,22.0119390435164,22.0119390435164,63.6536496998811,63.6536496998811,22.182085063158,22.182085063158,23.4415331957992,23.4415331957992,22.1754907253251,22.1754907253251
14,5.41360332170184e-05,0.0303714445208134,0.292559924919035,1,0.00680531450858785,0.00680531450858785,21.9996194694031,21.9996194694031,21.5780482870621,9.9248296548141,19.2938234877511,0.98228800881813,9.63897868674354,19.4456758309305,0.975398521565333,7.06926597754175,20.4745578383348,0.958532456345985,0.00680531450858785,0.00680531450858785,-0.00485598122038306,-0.00485598122038306,-0.00523651181729324,-0.00523651181729324,-0.00156878297102203,-0.00156878297102203,0.00521609822443142,0.00521609822443142,-0.00521294904037557,-0.00521294904037557,0.00160305900818279,0.00160305900818279,-0.0017490631999334,-0.0017490631999334,63.8959888206276,63.8959888206276,23.65593808015,23.65593808015,21.9996194694031,21.9996194694031,22.9849446983473,22.9849446983473,22.0067848811955,22.0067848811955,63.6615792106602,63.6615792106602,22.1769053386735,22.1769053386735,23.4440752689439,23.4440752689439,22.174164231999,22.174164231999
15,3.07568580008003e-05,0.0246017904184946,0.292518969010901,1,0.00386670341927273,0.00386670341927273,21.9997839442368,21.9997839442368,21.6895758349865,9.92477365952636,19.2933815159209,0.982293193742564,9.69150941837467,19.4187602914342,0.977630457124891,7.06572921636635,20.4677189080887,0.962828951927758,0.00386670341927273,0.00386670341927273,-0.00275885925783892,-0.00275885925783892,-0.0029749150210361,-0.0029749150210361,-0.000891800311826649,-0.000891800311826649,0.00296345325973665,0.00296345325973665,-0.00296150216082176,-0.00296150216082176,0.000911172235387013,0.000911172235387013,-0.000994133364506577,-0.000994133364506577,63.8930502095383,63.8930502095383,23.6609738132019,23.6609738132019,21.9997839442368,21.9997839442368,22.9833600842102,22.9833600842102,22.0038552535716,22.0038552535716,63.6660833025044,63.6660833025044,22.1739620050212,22.1739620050212,23.4455220855521,23.4455220855521,22.1734093021635,22.1734093021635
16,1.74744330852824e-05,0.0199614170967654,0.292553764097772,1,0.00219693264486475,0.00219693264486475,21.9998772795497,21.9998772795497,21.7802931958162,9.92474184892302,19.2931303939042,0.982296134491202,9.73450963815518,19.3967125739707,0.979179122310732,7.06268938867083,20.4611868641941,0.966056914298274,0.00219693264486475,0.00219693264486475,-0.00156743462503132,-0.00156743462503132,-0.00169015507533472,-0.00169015507533472,-0.000506789549432961,-0.000506789549432961,0.00168367352993984,0.00168367352993984,-0.00168252874318406,-0.00168252874318406,0.000517772993815004,0.000517772993815004,-0.000564909482535543,-0.000564909482535543,63.8913804387639,63.8913804387639,23.6638350086091,23.6638350086091,21.9998772795497,21.9998772795497,22.9824603350269,22.9824603350269,22.0021904630794,22.0021904630794,63.6686420556519,63.6686420556519,22.172289632362,22.172289632362,23.4463447086757,23.4463447086757,22.1729800782815,22.1729800782815
17,9.92810586317272e-06,0.0162174904229743,0.292627119878651,1,0.00124820345213723,0.00124820345213723,21.9999302823663,21.9999302823663,21.8540348328465,9.92472377640336,19.2929877148595,0.982297804108087,9.76966297522365,19.3786577288463,0.98024735996881,7.06002570167638,20.4548848246122,0.968481892867315,0.00124820345213723,0.00124820345213723,-0.000890537481240793,-0.000890537481240793,-0.000960255114968742,-0.000960255114968742,-0.000287956201645188,-0.000287956201645188,0.000956578515761446,0.000956578515761446,-0.000955921011241916,-0.000955921011241916,0.000294192151907138,0.000294192151907138,-0.000320973253052424,-0.000320973253052424,63.8904317095711,63.8904317095711,23.6654606349456,23.6654606349456,21.9999302823663,21.9999302823663,22.9819492684143,22.9819492684143,22.0012445347174,22.0012445347174,63.670095758398,63.670095758398,22.1713394437881,22.1713394437881,23.446812225747,23.446812225747,22.1727361420521,22.1727361420521
18,5.64066702403413e-06,0.0131892261696147,0.292718985571724,1,0.00070917106235523,0.00070917106235523,21.9999603906456,21.9999603906456,21.9139514558965,9.92471350860265,19.2929066506868,0.982298752450995,9.7983741824937,19.3638716652276,0.980978784169283,7.05764738162456,20.4487550186492,0.970303444829722,0.00070917106235523,0.00070917106235523,-0.00050595981386108,-0.00050595981386108,-0.00054556916827095,-0.00054556916827095,-0.000163606531752741,-0.000163606531752741,0.000543481091661054,0.000543481091661054,-0.000543106542122346,-0.000543106542122346,0.000167148973564212,0.000167148973564212,-0.000182364778957881,-0.000182364778957881,63.8898926771813,63.8898926771813,23.6663842450028,23.6663842450028,21.9999603906456,21.9999603906456,22.9816589321375,22.9816589321375,22.0007070876234,22.0007070876234,63.6709216702912,63.6709216702912,22.1707995861407,22.1707995861407,23.4470778773995,23.4470778773995,22.1725975335779,22.1725975335779
19,3.20475423713717e-06,0.0107349824716251,0.292818762214917,1,0.000402916872357429,0.000402916872357429,21.9999774958269,21.9999774958269,21.9626208413257,9.92470767494613,19.2928605937735,0.982299291206468,9.82180737871262,19.3517582656796,0.981474929831851,7.05548621368046,20.4427540375591,0.97167153502296,0.000402916872357429,0.000402916872357429,-0.000287461824799829,-0.000287461824799829,-0.000309965997953681,-0.000309965997953681,-9.29535166960419e-05,-9.29535166960419e-05,0.000308779596968814,0.000308779596968814,-0.000308566840106219,-0.000308566840106219,9.49662356541566e-05,9.49662356541566e-05,-0.000103611128863563,-0.000103611128863563,63.8895864229913,63.8895864229913,23.6669089971819,23.6669089971819,21.9999774958269,21.9999774958269,22.9814939819823,22.9814939819823,22.0004017331137,22.0004017331137,63.6713909114879,63.6713909114879,22.1704928637008,22.1704928637008,23.4472288137875,23.4472288137875,22.1725187799279,22.1725187799279
20,1.82078640689709e-06,0.00874290848993185,0.292921010846094,1,0.000228917760685286,0.000228917760685286,21.999987214112,21.999987214112,22.0021460549817,9.92470436053962,19.2928344264383,0.982299597295449,9.84092269792651,19.3418285070885,0.981807456430473,7.05349093575942,20.4368492654272,0.972698860223216,0.000228917760685286,0.000228917760685286,-0.000163321889887025,-0.000163321889887025,-0.000176107777868756,-0.000176107777868756,-5.28114734454712e-05,-5.28114734454712e-05,0.000175433617614539,0.000175433617614539,-0.000175312854014413,-0.000175312854014413,5.39550948294643e-05,5.39550948294643e-05,-5.88667026052659e-05,-5.88667026052659e-05,63.8894124238797,63.8894124238797,23.6672071362284,23.6672071362284,21.999987214112,21.999987214112,22.9814002658054,22.9814002658054,22.0002282450911,22.0002282450911,63.6716575114533,63.6716575114533,22.1703185985739,22.1703185985739,23.4473145693546,23.4473145693546,22.1724740355016,22.1724740355016
21,1.03448268155266e-06,0.0071240859541183,0.293023071162851,1,0.00013005989897054,0.00013005989897054,21.9999927356195,21.9999927356195,22.0342397362426,9.92470247745027,19.2928195594261,0.982299771201071,9.85650938709668,19.333682178383,0.982026828758823,7.05162302555516,20.431016197023,0.973470110705969,0.00013005989897054,0.00013005989897054,-9.27915849779357e-05,-9.27915849779357e-05,-0.000100055965498199,-0.000100055965498199,-3.00047733996312e-05,-3.00047733996312e-05,9.96728827552967e-05,9.96728827552967e-05,-9.96043353314045e-05,-9.96043353314045e-05,3.06545720131104e-05,3.06545720131104e-05,-3.34451074888076e-05,-3.34451074888076e-05,63.889313566018,63.889313566018,23.6673765243951,23.6673765243951,21.9999927356195,21.9999927356195,22.9813470206931,22.9813470206931,22.0001296776562,22.0001296776562,63.6718089807069,63.6718089807069,22.1702195895323,22.1702195895323,23.4473632914725,23.4473632914725,22.1724486139065,22.1724486139065
22,5.87742901081512e-07,0.00580743317212358,0.293123749938918,1,7.38936861390024e-05,7.38936861390024e-05,21.9999958727058,21.9999958727058,22.0602949802271,9.92470140756823,19.2928111127132,0.982299870006734,9.86921468042108,19.3269922695482,0.982168489852864,7.04985353454194,20.425236422198,0.97404893019759,7.38936861390024e-05,7.38936861390024e-05,-5.2719677904866e-05,-5.2719677904866e-05,-5.6846972083328e-05,-5.6846972083328e-05,-1.70471880342337e-05,-1.70471880342337e-05,5.66292979109874e-05,5.66292979109874e-05,-5.6590381062391e-05,-5.6590381062391e-05,1.74163928656564e-05,1.74163928656564e-05,-1.90018386970656e-05,-1.90018386970656e-05,63.8892573998051,63.8892573998051,23.667472762515,23.667472762515,21.9999958727058,21.9999958727058,22.981316769285,22.981316769285,22.000073676486,22.000073676486,63.671895038246,63.671895038246,22.1701633373989,22.1701633373989,23.4473909729205,23.4473909729205,22.1724341706377,22.1724341706377
23,3.33926985522674e-07,0.00473586863949123,0.293222605644555,1,4.19827881072872e-05,4.19827881072872e-05,21.9999976550618,21.9999976550618,22.0814441836903,9.92470079971235,19.2928063137024,0.982299926143805,9.8795684502938,19.3214918549168,0.982257249149004,7.0481607087652,20.4194961111859,0.974483146195412,4.19827881072872e-05,4.19827881072872e-05,-2.99527613979094e-05,-2.99527613979094e-05,-3.22976995892348e-05,-3.22976995892348e-05,-9.68535650188103e-06,-9.68535650188103e-06,3.21740178132415e-05,3.21740178132415e-05,-3.21519183946479e-05,-3.21519183946479e-05,9.89512885189104e-06,9.89512885189104e-06,-1.07959017405483e-05,-1.07959017405483e-05,63.8892254889071,63.8892254889071,23.6675274403295,23.6675274403295,21.9999976550618,21.9999976550618,22.9812995818441,22.9812995818441,22.0000418593743,22.0000418593743,63.6719439319888,63.6719439319888,22.1701313776722,22.1701313776722,23.4474067001215,23.4474067001215,22.1724259647007,22.1724259647007
24,1.89721090101229e-07,0.00386338621910957,0.293319563535017,1,2.3852573981417e-05,2.3852573981417e-05,21.9999986677163,21.9999986677163,22.0827753544715,9.92470045435786,19.2928035871383,0.982299958038372,9.88800395706208,19.3169631888037,0.982310400580904,7.04652820089432,20.4137848763224,0.974808700490487,2.3852573981417e-05,2.3852573981417e-05,-1.70177037154873e-05,-1.70177037154873e-05,-1.83499874097317e-05,-1.83499874097317e-05,-5.50273833221406e-06,-5.50273833221406e-06,1.82797137399208e-05,1.82797137399208e-05,-1.82671621369528e-05,-1.82671621369528e-05,5.62192380297417e-06,5.62192380297417e-06,-6.13369901613809e-06,-6.13369901613809e-06,63.889207358693,63.889207358693,23.6675585056013,23.6675585056013,21.9999986677163,21.9999986677163,22.9812898167501,22.9812898167501,22.0000237824521,22.0000237824521,63.6719717110491,63.6719717110491,22.1701132197109,22.1701132197109,23.4474156355292,23.4474156355292,22.172421302498,22.172421302498
25,1.07790300803801e-07,0.00315279907345843,0.29341471262378,1,1.35518706429713e-05,1.35518706429713e-05,21.9999992430598,21.9999992430598,22.0674834724589,9.9247002581441,19.2928020380374,0.982299976159397,9.89487514944342,19.3132287046485,0.982339936904454,7.04494372660172,20.4080949166427,0.975052602908251,1.35518706429713e-05,1.35518706429713e-05,-9.66863196119644e-06,-9.66863196119644e-06,-1.04255721319204e-05,-1.04255721319204e-05,-3.12638455506579e-06,-3.12638455506579e-06,1.03856447252734e-05,1.03856447252734e-05,-1.03785150265714e-05,-1.03785150265714e-05,3.19410102237146e-06,3.19410102237146e-06,-3.48486675465809e-06,-3.48486675465809e-06,63.8891970579896,63.8891970579896,23.6675761553764,23.6675761553764,21.9999992430598,21.9999992430598,22.9812842686886,22.9812842686886,22.0000135120293,22.0000135120293,63.6719874937652,63.6719874937652,22.170102903241,22.170102903241,23.4474207121843,23.4474207121843,22.1724186536658,22.1724186536658
26,6.12412069503708e-08,0.0025739811368295,0.293508201801049,1,7.69951299874519e-06,7.69951299874519e-06,21.9999995699429,21.9999995699429,22.0550202570006,9.92470014666494,19.2928011579136,0.982299986454912,9.90047099496951,19.3101436209585,0.982354120931267,7.04339805484786,20.4024203750558,0.975235151009174,7.69951299874519e-06,7.69951299874519e-06,-5.49324647639241e-06,-5.49324647639241e-06,-5.92330354006885e-06,-5.92330354006885e-06,-1.77625828085637e-06,-1.77625828085637e-06,5.90061826576853e-06,5.90061826576853e-06,-5.89656804885701e-06,-5.89656804885701e-06,1.8147318592839e-06,1.8147318592839e-06,-1.97993078419144e-06,-1.97993078419144e-06,63.889191205632,63.889191205632,23.6675861831195,23.6675861831195,21.9999995699429,21.9999995699429,22.9812811165462,22.9812811165462,22.0000076768766,22.0000076768766,63.6719964607387,63.6719964607387,22.1700970419249,22.1700970419249,23.4474235964894,23.4474235964894,22.1724171487298,22.1724171487298
27,3.47942747029847e-08,0.00210248387485524,0.293600189261682,1,4.37448846143598e-06,4.37448846143598e-06,21.9999997556623,21.9999997556623,22.0448626118814,9.9247000833279,19.2928006578702,0.982299992304335,9.90502729633842,19.3075898868343,0.982358599223879,7.04188424909256,20.3967568552689,0.97537159816716,4.37448846143598e-06,4.37448846143598e-06,-3.12099539300401e-06,-3.12099539300401e-06,-3.36533311281079e-06,-3.36533311281079e-06,-1.00918306390602e-06,-1.00918306390602e-06,3.35244422804801e-06,3.35244422804801e-06,-3.35014332959925e-06,-3.35014332959925e-06,1.0310420662677e-06,1.0310420662677e-06,-1.12490005304418e-06,-1.12490005304418e-06,63.8891878806074,63.8891878806074,23.6675918803952,23.6675918803952,21.9999997556623,21.9999997556623,22.9812793256511,22.9812793256511,22.0000043616273,22.0000043616273,63.6720015553374,63.6720015553374,22.1700937118104,22.1700937118104,23.4474252352099,23.4474252352099,22.172416293699,22.172416293699
28,1.97684141114299e-08,0.00171843980593784,0.293690820026652,1,2.48537143417992e-06,2.48537143417992e-06,21.9999998611791,21.9999998611791,22.0365840236573,9.92470004734286,19.2928003737698,0.982299995627696,9.90873640350604,19.3054712351294,0.982357190358885,7.04039709707441,20.3911010587626,0.975473407110434,2.48537143417992e-06,2.48537143417992e-06,-1.7731977271917e-06,-1.7731977271917e-06,-1.9120186082941e-06,-1.9120186082941e-06,-5.73368564908872e-07,-5.73368564908872e-07,1.90469569521076e-06,1.90469569521076e-06,-1.90338851939285e-06,-1.90338851939285e-06,5.85787853569391e-07,5.85787853569391e-07,-6.39113393686845e-07,-6.39113393686845e-07,63.8891859914904,63.8891859914904,23.6675951173098,23.6675951173098,21.9999998611791,21.9999998611791,22.9812783081511,22.9812783081511,22.0000024780643,22.0000024780643,63.6720044498407,63.6720044498407,22.1700918198014,22.1700918198014,23.4474261662508,23.4474261662508,22.1724158079124,22.1724158079124
29,1.12314507854861e-08,0.00140568772777563,0.293780217819368,1,1.4120670534255e-06,1.4120670534255e-06,21.9999999211287,21.9999999211287,22.0298367965249,9.92470002689791,19.2928002123578,0.982299997515869,9.91175517804622,19.3037091464076,0.982352441829825,7.03893268229684,20.3854505119807,0.975549191942475,1.4120670534255e-06,1.4120670534255e-06,-1.0074446540154e-06,-1.0074446540154e-06,-1.0863159301404e-06,-1.0863159301404e-06,-3.25760063256487e-07,-3.25760063256487e-07,1.08215539995959e-06,1.08215539995959e-06,-1.08141273632552e-06,-1.08141273632552e-06,3.32816102391694e-07,3.32816102391694e-07,-3.63113077733506e-07,-3.63113077733506e-07,63.889184918186,63.889184918186,23.6675969563673,23.6675969563673,21.9999999211287,21.9999999211287,22.9812777300569,22.9812777300569,22.0000014079155,22.0000014079155,63.6720060943568,63.6720060943568,22.1700907448538,22.1700907448538,23.4474266952228,23.4474266952228,22.1724155319121,22.1724155319121
30,6.38116323818876e-09,0.00115107112372874,0.293868483914217,1,8.022677104946e-07,8.022677104946e-07,21.9999999551892,21.9999999551892,22.0243375263765,9.92470001528208,19.2928001206514,0.982299998588638,9.91421151362071,19.3022395590641,0.982346022584528,7.03748806200508,20.3798033613179,0.97560542605944,8.022677104946e-07,8.022677104946e-07,-5.72380964273326e-07,-5.72380964273326e-07,-6.1719181167197e-07,-6.1719181167197e-07,-1.85080976699694e-07,-1.85080976699694e-07,6.14827970477903e-07,6.14827970477903e-07,-6.14406056329449e-07,-6.14406056329449e-07,1.8908990455989e-07,1.8908990455989e-07,-2.06303170673953e-07,-2.06303170673953e-07,63.8891843083867,63.8891843083867,23.6675980012303,23.6675980012303,21.9999999551892,21.9999999551892,22.9812774016118,22.9812774016118,22.000000799909,22.000000799909,63.6720070286909,63.6720070286909,22.170090134121,22.170090134121,23.4474269957589,23.4474269957589,22.1724153751022,22.1724153751022
31,3.62546577097819e-09,0.000943873032719892,0.293955699070116,1,4.55809395462345e-07,4.55809395462345e-07,21.9999999745407,21.9999999745407,22.0198552354604,9.92470000868254,19.2928000685482,0.982299999198133,9.91620966803084,19.3010101892226,0.98233899890708,7.03606102518965,20.3741582190549,0.975646974141607,4.55809395462345e-07,4.55809395462345e-07,-3.25198940952294e-07,-3.25198940952294e-07,-3.50658296358406e-07,-3.50658296358406e-07,-1.05153983799296e-07,-1.05153983799296e-07,3.49315259572566e-07,3.49315259572566e-07,-3.49075565666008e-07,-3.49075565666008e-07,1.07431679245419e-07,1.07431679245419e-07,-1.17211418296766e-07,-1.17211418296766e-07,63.8891839619284,63.8891839619284,23.6675985948707,23.6675985948707,21.9999999745407,21.9999999745407,22.9812772150053,22.9812772150053,22.0000004544692,22.0000004544692,63.6720075595342,63.6720075595342,22.1700897871322,22.1700897871322,23.4474271665089,23.4474271665089,22.1724152860104,22.1724152860104
32,2.0598126517852e-09,0.00077535923150692,0.294041926565559,1,2.58968654118816e-07,2.58968654118816e-07,21.9999999855352,21.9999999855352,22.0162016872679,9.92470000493299,19.2928000389458,0.982299999544418,9.91783461971079,19.2999783481284,0.982332027614591,7.03464991072893,20.3685140475804,0.975677491938559,2.58968654118816e-07,2.58968654118816e-07,-1.84762157618092e-07,-1.84762157618092e-07,-1.99226923507878e-07,-1.99226923507878e-07,-5.97433699267858e-08,-5.97433699267858e-08,1.9846387228757e-07,1.9846387228757e-07,-1.98327692537206e-07,-1.98327692537206e-07,6.10374495035563e-08,6.10374495035563e-08,-6.65938202184879e-08,-6.65938202184879e-08,63.8891837650876,63.8891837650876,23.6675989321482,23.6675989321482,21.9999999855352,21.9999999855352,22.9812771089845,22.9812771089845,22.0000002582073,22.0000002582073,63.6720078611334,63.6720078611334,22.1700895899901,22.1700895899901,23.4474272635208,23.4474272635208,22.1724152353928,22.1724152353928
33,1.170284648915e-09,0.000638407892270634,0.294127215374009,1,1.47133309640727e-07,1.47133309640727e-07,21.9999999917818,21.9999999917818,22.0132234850516,9.92470000280269,19.2928000221271,0.982299999741161,9.91915562491185,19.2991091650027,0.982325490746448,7.03325347072551,20.3628700723855,0.975699726702951,1.47133309640727e-07,1.47133309640727e-07,-1.04972787163184e-07,-1.04972787163184e-07,-1.13190994068861e-07,-1.13190994068861e-07,-3.39432460279918e-08,-3.39432460279918e-08,1.12757429610224e-07,1.12757429610224e-07,-1.12680094745286e-07,-1.12680094745286e-07,3.46785155600346e-08,3.46785155600346e-08,-3.78353743696853e-08,-3.78353743696853e-08,63.8891836532523,63.8891836532523,23.6675991237729,23.6675991237729,21.9999999917818,21.9999999917818,22.9812770487487,22.9812770487487,22.0000001467007,22.0000001467007,63.6720080324874,63.6720080324874,22.1700894779836,22.1700894779836,23.4474273186382,23.4474273186382,22.1724152066344,22.1724152066344
34,6.64898194587008e-10,0.000527208614596663,0.294211603056325,1,8.35939200074769e-08,8.35939200074769e-08,21.9999999953308,21.9999999953308,22.0107956278213,9.92470000159235,19.2928000125715,0.982299999852941,9.92022912087814,19.2983741401268,0.982319588943314,7.03187076780503,20.35722571668,0.975715742962884,8.35939200074769e-08,8.35939200074769e-08,-5.96403626692088e-08,-5.96403626692088e-08,-6.43095652339663e-08,-6.43095652339663e-08,-1.92848830979036e-08,-1.92848830979036e-08,6.40632132737882e-08,6.40632132737882e-08,-6.40192968161813e-08,-6.40192968161813e-08,1.97026499819757e-08,1.97026499819757e-08,-2.14962228147532e-08,-2.14962228147532e-08,63.8891835897129,63.8891835897129,23.6675992326447,23.6675992326447,21.9999999953308,21.9999999953308,22.9812770145257,22.9812770145257,22.0000000833481,22.0000000833481,63.6720081298425,63.6720081298425,22.1700894143469,22.1700894143469,23.4474273499532,23.4474273499532,22.1724151902952,22.1724151902952
35,3.77762147816049e-10,0.000437017351993974,0.294295118220989,1,4.74939375022635e-08,4.74939375022635e-08,21.9999999973472,21.9999999973472,22.0088162563251,9.9247000009047,19.2928000071425,0.982299999916449,9.92110109443108,19.2977499667775,0.982314405736987,7.03050109793756,20.3515805522572,0.975727092187125,4.74939375022635e-08,4.74939375022635e-08,-3.38846867794784e-08,-3.38846867794784e-08,-3.65374970165506e-08,-3.65374970165506e-08,-1.09567418193481e-08,-1.09567418193481e-08,3.63975305790582e-08,3.63975305790582e-08,-3.63725792327281e-08,-3.63725792327281e-08,1.11941000226463e-08,1.11941000226463e-08,-1.22131200125032e-08,-1.22131200125032e-08,63.8891835536129,63.8891835536129,23.6675992945004,23.6675992945004,21.9999999973472,21.9999999973472,22.9812769950818,22.9812769950818,22.0000000473543,22.0000000473543,63.6720081851549,63.6720081851549,22.1700893781917,22.1700893781917,23.4474273677448,23.4474273677448,22.1724151810121,22.1724151810121
36,2.14625309026783e-10,0.00036395658186766,0.294377782535376,1,2.69836663255668e-08,2.69836663255668e-08,21.9999999984928,21.9999999984928,22.0072023700518,9.92470000051401,19.292800004058,0.982299999952531,9.92180901389194,19.2972175719958,0.982309951425459,7.02914393243873,20.3459342625695,0.97573494028649,2.69836663255668e-08,2.69836663255668e-08,-1.92515408432162e-08,-1.92515408432162e-08,-2.07587639287893e-08,-2.07587639287893e-08,-6.22507349918725e-09,-6.22507349918725e-09,2.06792105889839e-08,2.06792105889839e-08,-2.06650647354164e-08,-2.06650647354164e-08,6.35996191580435e-09,6.35996191580435e-09,-6.93891895870727e-09,-6.93891895870727e-09,63.8891835331027,63.8891835331027,23.6675993296438,23.6675993296438,21.9999999984928,21.9999999984928,22.9812769840347,22.9812769840347,22.0000000269043,22.0000000269043,63.6720082165807,63.6720082165807,22.17008935765,22.17008935765,23.4474273778532,23.4474273778532,22.1724151757379,22.1724151757379
37,1.21939213023035e-10,0.000304852327976985,0.294459612329377,1,1.53307613292609e-08,1.53307613292609e-08,21.9999999991437,21.9999999991437,22.0058863362538,9.92470000029203,19.2928000023056,0.982299999973031,9.92238340452375,19.2967613354606,0.982306192680241,7.02779887438437,20.34028661498,0.975740163429601,1.53307613292609e-08,1.53307613292609e-08,-1.09377539726136e-08,-1.09377539726136e-08,-1.17940661792331e-08,-1.17940661792331e-08,-3.53679351201786e-09,-3.53679351201786e-09,1.17488835717198e-08,1.17488835717198e-08,-1.17408301542267e-08,-1.17408301542267e-08,3.61341579779888e-09,3.61341579779888e-09,-3.94234988480099e-09,-3.94234988480099e-09,63.8891835214498,63.8891835214498,23.6675993496105,23.6675993496105,21.9999999991437,21.9999999991437,22.9812769777582,22.9812769777582,22.0000000152857,22.0000000152857,63.6720082344353,63.6720082344353,22.1700893459792,22.1700893459792,23.4474273835962,23.4474273835962,22.1724151727414,22.1724151727414
38,6.92794365420457e-11,0.000257101478715069,0.294540619852918,1,8.71013349812607e-09,8.71013349812607e-09,21.9999999995135,21.9999999995135,22.0048130447979,9.92470000016592,19.2928000013099,0.982299999984677,9.9228491330672,19.2963684533182,0.982303072233378,7.02646562585652,20.3346374399101,0.975743420047278,8.71013349812607e-09,8.71013349812607e-09,-6.21424482210203e-09,-6.21424482210203e-09,-6.7007754254943e-09,-6.7007754254943e-09,-2.00941342649676e-09,-2.00941342649676e-09,6.67508558526695e-09,6.67508558526695e-09,-6.67052938627809e-09,-6.67052938627809e-09,2.05296598937735e-09,2.05296598937735e-09,-2.23984960163946e-09,-2.23984960163946e-09,63.8891835148291,63.8891835148291,23.6675993609546,23.6675993609546,21.9999999995135,21.9999999995135,22.9812769741924,22.9812769741924,22.0000000086845,22.0000000086845,63.6720082445794,63.6720082445794,22.1700893393485,22.1700893393485,23.4474273868592,23.4474273868592,22.1724151710389,22.1724151710389
39,3.93606264657286e-11,0.000218564318550324,0.294620814250814,1,4.94860172395988e-09,4.94860172395988e-09,21.9999999997236,21.9999999997236,22.0039375895264,9.92470000009427,19.2928000007442,0.982299999991295,9.92322645495435,19.2960284199941,0.982300521710999,7.02514396332929,20.3289866151688,0.975745204942971,4.94860172395988e-09,4.94860172395988e-09,-3.53057804922486e-09,-3.53057804922486e-09,-3.80699985594709e-09,-3.80699985594709e-09,-1.14163323868813e-09,-1.14163323868813e-09,3.79240144878639e-09,3.79240144878639e-09,-3.78981575937978e-09,-3.78981575937978e-09,1.16638028106216e-09,1.16638028106216e-09,-1.27255698523366e-09,-1.27255698523366e-09,63.8891835110676,63.8891835110676,23.6675993673998,23.6675993673998,21.9999999997236,21.9999999997236,22.9812769721664,22.9812769721664,22.0000000049341,22.0000000049341,63.6720082503427,63.6720082503427,22.1700893355812,22.1700893355812,23.4474273887131,23.4474273887131,22.1724151700716,22.1724151700716
40,2.23621003554237e-11,0.000187478296635932,0.294700202312425,1,2.81149024096389e-09,2.81149024096389e-09,21.999999999843,21.999999999843,22.0032233787897,9.92470000005356,19.2928000004228,0.982299999995055,9.92353186795899,19.2957326060393,0.982298469770158,7.02383371917162,20.323334054177,0.975745889956107,2.81149024096389e-09,2.81149024096389e-09,-2.0058397339649e-09,-2.0058397339649e-09,-2.16287385007415e-09,-2.16287385007415e-09,-6.48635827153325e-10,-6.48635827153325e-10,2.15459025621214e-09,2.15459025621214e-09,-2.15310921110564e-09,-2.15310921110564e-09,6.62687547605837e-10,6.62687547605837e-10,-7.23010795108588e-10,-7.23010795108588e-10,63.8891835089305,63.8891835089305,23.6675993710617,23.6675993710617,21.999999999843,21.999999999843,22.9812769710152,22.9812769710152,22.0000000028032,22.0000000028032,63.6720082536173,63.6720082536173,22.1700893334408,22.1700893334408,23.4474273897663,23.4474273897663,22.172415169522,22.172415169522
41,1.27041749990987e-11,0.000162389748230572,0.294778789044788,1,1.59725792077788e-09,1.59725792077788e-09,21.9999999999108,21.9999999999108,22.0026405957699,9.92470000003043,19.2928000002402,0.982299999997191,9.92377880800239,19.295473914155,0.982296847049823,7.02253476774677,20.317679697117,0.9757457545201,1.59725792077788e-09,1.59725792077788e-09,-1.13953978033481e-09,-1.13953978033481e-09,-1.22874682645095e-09,-1.22874682645095e-09,-3.68523276434687e-10,-3.68523276434687e-10,1.22404654931236e-09,1.22404654931236e-09,-1.2231980981444e-09,-1.2231980981444e-09,3.76502257231629e-10,3.76502257231629e-10,-4.10773167239965e-10,-4.10773167239965e-10,63.8891835077162,63.8891835077162,23.6675993731422,23.6675993731422,21.9999999999108,21.9999999999108,22.9812769703612,22.9812769703612,22.0000000015926,22.0000000015926,63.6720082554777,63.6720082554777,22.1700893322247,22.1700893322247,23.4474273903648,23.4474273903648,22.1724151692098,22.1724151692098
42,7.21701323235672e-12,0.000142100550488953,0.294856578108961,1,9.07382870428388e-10,9.07382870428388e-10,21.9999999999493,21.9999999999493,22.002164943876,9.92470000001729,19.2928000001365,0.982299999998404,9.92397821626006,19.2952464988667,0.982295588989365,7.02124701496632,20.312023504283,0.975745008626337,9.07382870428388e-10,9.07382870428388e-10,-6.47333876764829e-10,-6.47333876764829e-10,-6.98040503954056e-10,-6.98040503954056e-10,-2.09348757807888e-10,-2.09348757807888e-10,6.95340038232369e-10,6.95340038232369e-10,-6.9488775106738e-10,-6.9488775106738e-10,2.13912910718599e-10,2.13912910718599e-10,-2.33382743637603e-10,-2.33382743637603e-10,63.8891835070264,63.8891835070264,23.6675993743243,23.6675993743243,21.9999999999493,21.9999999999493,22.9812769699897,22.9812769699897,22.0000000009047,22.0000000009047,63.6720082565347,63.6720082565347,22.1700893315338,22.1700893315338,23.4474273907047,23.4474273907047,22.1724151690324,22.1724151690324
43,4.09978428321242e-12,0.000125626655578969,0.294933572151187,1,5.15460012672211e-10,5.15460012672211e-10,21.9999999999712,21.9999999999712,22.0017766244496,9.92470000000982,19.2928000000775,0.982299999999094,9.92413900134569,19.2950455380242,0.982294637244623,7.01997039044012,20.3063654510826,0.975743810081327,5.15460012672211e-10,5.15460012672211e-10,-3.67727489666627e-10,-3.67727489666627e-10,-3.96541231611742e-10,-3.96541231611742e-10,-1.18922163478278e-10,-1.18922163478278e-10,3.94998299666575e-10,3.94998299666575e-10,-3.94750188287507e-10,-3.94750188287507e-10,1.21523953002758e-10,1.21523953002758e-10,-1.32584488743807e-10,-1.32584488743807e-10,63.8891835066344,63.8891835066344,23.6675993749958,23.6675993749958,21.9999999999712,21.9999999999712,22.9812769697786,22.9812769697786,22.0000000005139,22.0000000005139,63.6720082571352,63.6720082571352,22.1700893311413,22.1700893311413,23.4474273908979,23.4474273908979,22.1724151689316,22.1724151689316
44,2.32833731727475e-12,0.00011216537830052,0.29500977305368,1,2.92754158588775e-10,2.92754158588775e-10,21.9999999999837,21.9999999999837,22.0014595037808,9.92470000000558,19.292800000044,0.982299999999485,9.92426841596382,19.2948670465071,0.982293940203768,7.018704841577,20.3007055242816,0.975742277475252,2.92754158588775e-10,2.92754158588775e-10,-2.088464022477e-10,-2.088464022477e-10,-2.2518719396742e-10,-2.2518719396742e-10,-6.75705596973424e-11,-6.75705596973424e-11,2.24334077527757e-10,2.24334077527757e-10,-2.24168746899216e-10,-2.24168746899216e-10,6.90265785110412e-11,6.90265785110412e-11,-7.53081144370975e-11,-7.53081144370975e-11,63.8891835064117,63.8891835064117,23.6675993753774,23.6675993753774,21.9999999999837,21.9999999999837,22.9812769696586,22.9812769696586,22.0000000002919,22.0000000002919,63.6720082574765,63.6720082574765,22.1700893309182,22.1700893309182,23.4474273910077,23.4474273910077,22.1724151688743,22.1724151688743
45,1.32199978843093e-12,0.000101068533580017,0.295085182124199,1,1.66227274443281e-10,1.66227274443281e-10,21.9999999999907,21.9999999999907,22.0012004343845,9.92470000000317,19.292800000025,0.982299999999708,9.92437236384439,19.294707724304,0.982293452945309,7.01745032915165,20.295043719181,0.975740499927672,1.66227274443281e-10,1.66227274443281e-10,-1.18573231559276e-10,-1.18573231559276e-10,-1.27861990583244e-10,-1.27861990583244e-10,-3.83672391243613e-11,-3.83672391243613e-11,1.27366683200673e-10,1.27366683200673e-10,-1.2728336166703e-10,-1.2728336166703e-10,3.92054663546652e-11,3.92054663546652e-11,-4.27725312382049e-11,-4.27725312382049e-11,63.8891835062852,63.8891835062852,23.6675993755942,23.6675993755942,21.9999999999907,21.9999999999907,22.9812769695905,22.9812769695905,22.0000000001658,22.0000000001658,63.6720082576703,63.6720082576703,22.1700893307915,22.1700893307915,23.4474273910701,23.4474273910701,22.1724151688418,22.1724151688418
46,7.50468677802199e-13,9.18191576416676e-05,0.295159800239185,1,9.4371757415842e-11,9.4371757415842e-11,21.9999999999947,21.9999999999947,22.000988701976,9.9247000000018,19.2928000000142,0.982299999999834,9.92445564985249,19.2945648325919,0.982293136868757,7.01620682397308,20.2893800374965,0.975738544411304,9.4371757415842e-11,9.4371757415842e-11,-6.72937283269369e-11,-6.72937283269369e-11,-7.25957604051744e-11,-7.25957604051744e-11,-2.17765480364159e-11,-2.17765480364159e-11,7.22849787727284e-11,7.22849787727284e-11,-7.22667392120802e-11,-7.22667392120802e-11,2.22830053359165e-11,2.22830053359165e-11,-2.43090321269568e-11,-2.43090321269568e-11,63.8891835062134,63.8891835062134,23.6675993757174,23.6675993757174,21.9999999999947,21.9999999999947,22.9812769695518,22.9812769695518,22.0000000000941,22.0000000000941,63.6720082577804,63.6720082577804,22.1700893307195,22.1700893307195,23.4474273911055,23.4474273911055,22.1724151688233,22.1724151688233
47,4.25594385791752e-13,8.40104595925958e-05,0.295233627951733,1,5.35259505094157e-11,5.35259505094157e-11,21.999999999997,21.999999999997,22.0008155748703,9.92470000000102,19.292800000008,0.982299999999906,9.92452218378484,19.2944360926257,0.98229295915077,7.01497430438105,20.2837144857642,0.975736461255757,5.35259505094157e-11,5.35259505094157e-11,-3.81531379916702e-11,-3.81531379916702e-11,-4.11740810752581e-11,-4.11740810752581e-11,-1.23520867987583e-11,-1.23520867987583e-11,4.09833622187252e-11,4.09833622187252e-11,-4.09869780345011e-11,-4.09869780345011e-11,1.26546048275361e-11,1.26546048275361e-11,-1.38042373904589e-11,-1.38042373904589e-11,63.8891835061725,63.8891835061725,23.6675993757873,23.6675993757873,21.999999999997,21.999999999997,22.9812769695298,22.9812769695298,22.0000000000534,22.0000000000534,63.672008257843,63.672008257843,22.1700893306786,22.1700893306786,23.4474273911255,23.4474273911255,22.1724151688128,22.1724151688128
48,2.41062590093424e-13,7.73265209943926e-05,0.295306665572976,1,3.03185523645962e-11,3.03185523645962e-11,21.9999999999983,21.9999999999983,22.0006739368366,9.92470000000058,19.2928000000046,0.982299999999947,9.92457514642213,19.2943196032135,0.982292892125941,7.01375275436469,20.2780470741429,0.975734288283524,3.03185523645962e-11,3.03185523645962e-11,-2.16127226676916e-11,-2.16127226676916e-11,-2.33191536605475e-11,-2.33191536605475e-11,-6.99972535518074e-12,-6.99972535518074e-12,2.32158637970491e-11,2.32158637970491e-11,-2.32131055939921e-11,-2.32131055939921e-11,7.16639507405521e-12,7.16639507405521e-12,-7.81747393728693e-12,-7.81747393728693e-12,63.8891835061493,63.8891835061493,23.6675993758271,23.6675993758271,21.9999999999983,21.9999999999983,22.9812769695173,22.9812769695173,22.0000000000302,22.0000000000302,63.6720082578785,63.6720082578785,22.1700893306554,22.1700893306554,23.4474273911371,23.4474273911371,22.1724151688068,22.1724151688068
49,1.36490000471823e-13,7.15248281611184e-05,0.295378913233398,1,1.71918881651488e-11,1.71918881651488e-11,21.999999999999,21.999999999999,22.0005579879538,9.92470000000033,19.2928000000026,0.98229999999997,9.92461712482185,19.294213773338,0.982292912654658,7.01254216214862,20.2723778155138,0.975732053918125,1.71918881651488e-11,1.71918881651488e-11,-1.22306547380448e-11,-1.22306547380448e-11,-1.31953196374101e-11,-1.31953196374101e-11,-3.99822315956048e-12,-3.99822315956048e-12,1.31379683173905e-11,1.31379683173905e-11,-1.31332942334144e-11,-1.31332942334144e-11,4.09416869408499e-12,4.09416869408499e-12,-4.46384054065068e-12,-4.46384054065068e-12,63.8891835061362,63.8891835061362,23.6675993758496,23.6675993758496,21.999999999999,21.999999999999,22.9812769695102,22.9812769695102,22.0000000000172,22.0000000000172,63.6720082578987,63.6720082578987,22.1700893306422,22.1700893306422,23.4474273911435,23.4474273911435,22.1724151688035,22.1724151688035
50,7.66783551353804e-14,6.64209183916025e-05,0.295450370929007,1,9.67321303631487e-12,9.67321303631487e-12,21.9999999999995,21.9999999999995,22.0004630008723,9.92470000000018,19.2928000000015,0.982299999999984,9.92465022254529,19.2941172671204,0.982293001515602,7.01134251913048,20.266706724804,0.975729779519844,9.67321303631487e-12,9.67321303631487e-12,-6.87781998513956e-12,-6.87781998513956e-12,-7.39833231963108e-12,-7.39833231963108e-12,-2.27740677930229e-12,-2.27740677930229e-12,7.38762331887488e-12,7.38762331887488e-12,-7.36223959083348e-12,-7.36223959083348e-12,2.31132286816005e-12,2.31132286816005e-12,-2.51908924918067e-12,-2.51908924918067e-12,63.8891835061287,63.8891835061287,23.6675993758625,23.6675993758625,21.9999999999995,21.9999999999995,22.9812769695061,22.9812769695061,22.0000000000097,22.0000000000097,63.6720082579102,63.6720082579102,22.1700893306347,22.1700893306347,23.4474273911472,23.4474273911472,22.1724151688015,22.1724151688015
51,4.29821693324751e-14,6.18753480654539e-05,0.295521038556096,1,5.42252166062966e-12,5.42252166062966e-12,21.9999999999997,21.9999999999997,22.0003851222207,9.9247000000001,19.2928000000008,0.982299999999991,9.92467614945856,19.2940289588478,0.982293142843833,7.01015381908247,20.2610338184782,0.975727481141006,5.42252166062966e-12,5.42252166062966e-12,-3.84375611083328e-12,-3.84375611083328e-12,-4.15744412795623e-12,-4.15744412795623e-12,-1.26573637247628e-12,-1.26573637247628e-12,4.12917358873667e-12,4.12917358873667e-12,-4.13726677954584e-12,-4.13726677954584e-12,1.30713484512239e-12,1.30713484512239e-12,-1.42416418979657e-12,-1.42416418979657e-12,63.8891835061244,63.8891835061244,23.6675993758697,23.6675993758697,21.9999999999997,21.9999999999997,22.9812769695039,22.9812769695039,22.0000000000054,22.0000000000054,63.6720082579167,63.6720082579167,22.1700893306304,22.1700893306304,23.4474273911493,23.4474273911493,22.1724151688004,22.1724151688004
52,2.40729123619143e-14,5.77830035925697e-05,0.295590915937406,1,3.04385590240106e-12,3.04385590240106e-12,21.9999999999998,21.9999999999998,22.0003212107947,9.92470000000006,19.2928000000005,0.982299999999995,9.92469629488985,19.2939478962037,0.982293323624537,7.00897605755135,20.2553591141565,0.975725170845045,3.04385590240106e-12,3.04385590240106e-12,-2.13345693893586e-12,-2.13345693893586e-12,-2.34065445778574e-12,-2.34065445778574e-12,-7.02885993110555e-13,-7.02885993110555e-13,2.29264671019683e-12,2.29264671019683e-12,-2.32886875724687e-12,-2.32886875724687e-12,7.59193971028535e-13,7.59193971028535e-13,-8.25843832936682e-13,-8.25843832936682e-13,63.889183506122,63.889183506122,23.6675993758738,23.6675993758738,21.9999999999998,21.9999999999998,22.9812769695026,22.9812769695026,22.000000000003,22.000000000003,63.6720082579203,63.6720082579203,22.1700893306281,22.1700893306281,23.4474273911504,23.4474273911504,22.1724151687998,22.1724151687998
53,1.31570375480843e-14,5.40645960030186e-05,0.295660002841815,1,1.6641390302291e-12,1.6641390302291e-12,21.9999999999999,21.9999999999999,22.0002687057173,9.92470000000003,19.2928000000002,0.982299999999997,9.92471178722477,19.293873270188,0.98229353324556,7.00780923140749,20.2496826303275,0.975722857697772,1.6641390302291e-12,1.6641390302291e-12,-1.16720302959578e-12,-1.16720302959578e-12,-1.27802554691454e-12,-1.27802554691454e-12,-3.86053023001019e-13,-3.86053023001019e-13,1.25424081145814e-12,1.25424081145814e-12,-1.27153855379078e-12,-1.27153855379078e-12,4.14415253567003e-13,4.14415253567003e-13,-4.50802193212984e-13,-4.50802193212984e-13,63.8891835061207,63.8891835061207,23.6675993758762,23.6675993758762,21.9999999999999,21.9999999999999,22.9812769695019,22.9812769695019,22.0000000000016,22.0000000000016,63.6720082579224,63.6720082579224,22.1700893306267,22.1700893306267,23.4474273911512,23.4474273911512,22.1724151687994,22.1724151687994
54,6.86602706781787e-15,5.06600627480817e-05,0.295728298999146,1,8.90017046902372e-13,8.90017046902372e-13,22,22,22.0002255190167,9.92470000000002,19.2928000000001,0.982299999999999,9.92472354245153,19.2938043904939,0.982293763107594,7.0066533385061,20.2440043861321,0.975720548512294,8.90017046902372e-13,8.90017046902372e-13,-6.02955644091537e-13,-6.02955644091537e-13,-6.5408184335078e-13,-6.5408184335078e-13,-2.37521014802601e-13,-2.37521014802601e-13,6.47896959974071e-13,6.47896959974071e-13,-6.48749995528779e-13,-6.48749995528779e-13,2.48721088438123e-13,2.48721088438123e-13,-2.68518845944601e-13,-2.68518845944601e-13,63.8891835061199,63.8891835061199,23.6675993758775,23.6675993758775,22,22,22.9812769695014,22.9812769695014,22.0000000000009,22.0000000000009,63.6720082579237,63.6720082579237,22.1700893306259,22.1700893306259,23.4474273911515,23.4474273911515,22.1724151687993,22.1724151687993
55,3.38681717841092e-15,4.75235526406177e-05,0.295795804111316,1,4.39927456735875e-13,4.39927456735875e-13,22,22,22.0001899481004,9.92470000000001,19.2928000000001,0.9823,9.92473230370272,19.2937406653358,0.982294006288416,7.00550837743249,20.2383244012015,0.975718248408818,4.39927456735875e-13,4.39927456735875e-13,-2.85315558613604e-13,-2.85315558613604e-13,-3.28273405208838e-13,-3.28273405208838e-13,-1.11994896615685e-13,-1.11994896615685e-13,3.07016529438817e-13,3.07016529438817e-13,-3.25450411579979e-13,-3.25450411579979e-13,1.36155580110501e-13,1.36155580110501e-13,-1.46463668187185e-13,-1.46463668187185e-13,63.8891835061194,63.8891835061194,23.6675993758783,23.6675993758783,22,22,22.9812769695012,22.9812769695012,22.0000000000004,22.0000000000004,63.6720082579243,63.6720082579243,22.1700893306255,22.1700893306255,23.4474273911517,23.4474273911517,22.1724151687992,22.1724151687992
56,1.46902267301946e-15,4.46196745508465e-05,0.295862517860709,1,1.9789921679247e-13,1.9789921679247e-13,22,22,22.0001606044393,9.9247,19.2928,0.9823,9.92473867346172,19.2936815849103,0.982294257256289,7.0043743473108,20.2326426955354,0.975715961235337,1.9789921679247e-13,1.9789921679247e-13,-1.22858130296272e-13,-1.22858130296272e-13,-1.27231038510974e-13,-1.27231038510974e-13,-7.20421380720811e-14,-7.20421380720811e-14,1.3195028157792e-13,1.3195028157792e-13,-1.24953609462678e-13,-1.24953609462678e-13,6.99230070708472e-14,6.99230070708472e-14,-7.44642424206319e-14,-7.44642424206319e-14,63.8891835061192,63.8891835061192,23.6675993758787,23.6675993758787,22,22,22.981276969501,22.981276969501,22.0000000000002,22.0000000000002,63.6720082579247,63.6720082579247,22.1700893306252,22.1700893306252,23.4474273911519,23.4474273911519,22.1724151687991,22.1724151687991
57,4.78298716822545e-16,4.19207253135568e-05,0.295928439916486,1,3.49494592930775e-14,3.49494592930775e-14,22,22,22.0001363554601,9.9247,19.2928,0.9823,9.92474313979262,19.293626707822,0.982294511627152,7.00325124766017,20.2269592894102,0.975713689883761,1.33816011479528e-14,1.33816011479528e-14,1.67976295961761e-14,1.67976295961761e-14,5.47500042903305e-15,5.47500042903305e-15,-1.95679948704781e-14,-1.95679948704781e-14,-1.76697683732922e-14,-1.76697683732922e-14,6.9788406052598e-15,6.9788406052598e-15,3.39512959078823e-14,3.39512959078823e-14,-3.49494592930775e-14,-3.49494592930775e-14,63.889183506119,63.889183506119,23.667599375879,23.667599375879,22,22,22.981276969501,22.981276969501,22,22,63.672008257925,63.672008257925,22.170089330625,22.170089330625,23.4474273911519,23.4474273911519,22.1724151687991,22.1724151687991
58,8.53067514952002e-16,3.94046594983953e-05,0.295993569939318,1,7.37235964062196e-14,7.37235964062196e-14,21.9999999999999,21.9999999999999,22.0001162771979,9.9247,19.2928,0.982300000000001,9.92474609770128,19.2935756499305,0.98229476596018,7.00213907828667,20.2212742033104,0.975711436527502,-5.65505506054783e-14,-5.65505506054783e-14,6.88943840106108e-14,6.88943840106108e-14,6.68827105241988e-14,6.68827105241988e-14,-1.14957662814927e-14,-1.14957662814927e-14,-7.37235964062196e-14,-7.37235964062196e-14,6.85236493615021e-14,6.85236493615021e-14,2.08717831775628e-14,2.08717831775628e-14,-2.03395234217272e-14,-2.03395234217272e-14,63.8891835061189,63.8891835061189,23.6675993758791,23.6675993758791,22,22,22.9812769695009,22.9812769695009,21.9999999999999,21.9999999999999,63.6720082579251,63.6720082579251,22.1700893306249,22.1700893306249,23.447427391152,23.447427391152,22.172415168799,22.172415168799
59,1.38737904292204e-15,3.70536117843193e-05,0.296057907584952,1,1.34422108919663e-13,1.34422108919663e-13,21.9999999999999,21.9999999999999,22.000099615717,9.9247,19.2928,0.982300000000001,9.92474786652983,19.2935280751763,0.98229501758655,7.0010378392021,20.2155874578762,0.975709202800002,-1.2213867730664e-13,-1.2213867730664e-13,1.25671004522109e-13,1.25671004522109e-13,1.15910818665217e-13,1.15910818665217e-13,5.25803414002441e-15,5.25803414002441e-15,-1.34422108919663e-13,-1.34422108919663e-13,1.17572436075238e-13,1.17572436075238e-13,1.61086758090886e-14,1.61086758090886e-14,-1.45439121949732e-14,-1.45439121949732e-14,63.8891835061189,63.8891835061189,23.6675993758793,23.6675993758793,22,22,22.9812769695009,22.9812769695009,21.9999999999999,21.9999999999999,63.6720082579252,63.6720082579252,22.1700893306249,22.1700893306249,23.447427391152,23.447427391152,22.172415168799,22.172415168799
60,1.74626470981492e-15,3.48528258027028e-05,0.296121452506889,1,1.70961251500991e-13,1.70961251500991e-13,21.9999999999999,21.9999999999999,22.0000857556758,9.9247,19.2928,0.982300000000001,9.92474870411982,19.2934836880218,0.982295264466695,6.99994753056297,20.2098990738654,0.9757069899289,-1.70961251500991e-13,-1.70961251500991e-13,1.57832405141118e-13,1.57832405141118e-13,1.59487942514778e-13,1.59487942514778e-13,1.00997931470883e-14,1.00997931470883e-14,-1.69157675790378e-13,-1.69157675790378e-13,1.61144744039588e-13,1.61144744039588e-13,2.48062465609072e-15,2.48062465609072e-15,3.1208115483258e-16,3.1208115483258e-16,63.8891835061188,63.8891835061188,23.6675993758793,23.6675993758793,22,22,22.9812769695008,22.9812769695008,21.9999999999999,21.9999999999999,63.6720082579253,63.6720082579253,22.1700893306248,22.1700893306248,23.447427391152,23.447427391152,22.172415168799,22.172415168799
61,1.74626470981492e-15,3.27898791837025e-05,0.296184204358389,1,1.70961251500991e-13,1.70961251500991e-13,21.9999999999999,21.9999999999999,22.0000741947108,9.9247,19.2928,0.982300000000001,9.92474881834308,19.2934422272155,0.982295505071754,6.99886815262467,20.2042090721235,0.975704798836857,-1.70961251500991e-13,-1.70961251500991e-13,1.57832405141118e-13,1.57832405141118e-13,1.59487942514778e-13,1.59487942514778e-13,1.00997931470883e-14,1.00997931470883e-14,-1.69157675790378e-13,-1.69157675790378e-13,1.61144744039588e-13,1.61144744039588e-13,2.48062465609072e-15,2.48062465609072e-15,3.1208115483258e-16,3.1208115483258e-16,63.8891835061188,63.8891835061188,23.6675993758793,23.6675993758793,22,22,22.9812769695008,22.9812769695008,21.9999999999999,21.9999999999999,63.6720082579253,63.6720082579253,22.1700893306248,22.1700893306248,23.447427391152,23.447427391152,22.172415168799,22.172415168799
62,1.74626470981492e-15,3.08541229896794e-05,0.296246162793991,1,1.70961251500991e-13,1.70961251500991e-13,21.9999999999999,21.9999999999999,22.0000645225646,9.9247,19.2928,0.982300000000001,9.92474837648841,19.2934034606362,0.982295738285501,6.99779970570697,20.1985174735619,0.975702630217327,-1.70961251500991e-13,-1.70961251500991e-13,1.57832405141118e-13,1.57832405141118e-13,1.59487942514778e-13,1.59487942514778e-13,1.00997931470883e-14,1.00997931470883e-14,-1.69157675790378e-13,-1.69157675790378e-13,1.61144744039588e-13,1.61144744039588e-13,2.48062465609072e-15,2.48062465609072e-15,3.1208115483258e-16,3.1208115483258e-16,63.8891835061188,63.8891835061188,23.6675993758793,23.6675993758793,22,22,22.9812769695008,22.9812769695008,21.9999999999999,21.9999999999999,63.6720082579253,63.6720082579253,22.1700893306248,22.1700893306248,23.447427391152,23.447427391152,22.172415168799,22.172415168799
63,1.74626470981492e-15,2.90362755878697e-05,0.296307327470639,1,1.70961251500991e-13,1.70961251500991e-13,21.9999999999999,21.9999999999999,22.0000564040761,9.9247,19.2928,0.982300000000001,9.92474751290174,19.2933671810238,0.982295963323466,6.99674219016816,20.1928242991414,0.975700484591491,-1.70961251500991e-13,-1.70961251500991e-13,1.57832405141118e-13,1.57832405141118e-13,1.59487942514778e-13,1.59487942514778e-13,1.00997931470883e-14,1.00997931470883e-14,-1.69157675790378e-13,-1.69157675790378e-13,1.61144744039588e-13,1.61144744039588e-13,2.48062465609072e-15,2.48062465609072e-15,3.1208115483258e-16,3.1208115483258e-16,63.8891835061188,63.8891835061188,23.6675993758793,23.6675993758793,22,22,22.9812769695008,22.9812769695008,21.9999999999999,21.9999999999999,63.6720082579253,63.6720082579253,22.1700893306248,22.1700893306248,23.447427391152,23.447427391152,22.172415168799,22.172415168799
64,1.74626470981492e-15,2.73281274201195e-05,0.296367698048534,1,1.70961251500991e-13,1.70961251500991e-13,21.9999999999999,21.9999999999999,22.0000495653201,9.9247,19.2928,0.982300000000001,9.92474633520373,19.2933332024339,0.982296179666448,6.99569560638557,20.1871295698596,0.975698362351053,-1.70961251500991e-13,-1.70961251500991e-13,1.57832405141118e-13,1.57832405141118e-13,1.59487942514778e-13,1.59487942514778e-13,1.00997931470883e-14,1.00997931470883e-14,-1.69157675790378e-13,-1.69157675790378e-13,1.61144744039588e-13,1.61144744039588e-13,2.48062465609072e-15,2.48062465609072e-15,3.1208115483258e-16,3.1208115483258e-16,63.8891835061188,63.8891835061188,23.6675993758793,23.6675993758793,22,22,22.9812769695008,22.9812769695008,21.9999999999999,21.9999999999999,63.6720082579253,63.6720082579253,22.1700893306248,22.1700893306248,23.447427391152,23.447427391152,22.172415168799,22.172415168799
65,1.74626470981492e-15,2.57223252642199e-05,0.296427274191774,1,1.70961251500991e-13,1.70961251500991e-13,21.9999999999999,21.9999999999999,22.0000437823115,9.9247,19.2928,0.982300000000001,9.92474492934872,19.2933013572888,0.982296387006014,6.994659954741,20.1814333067415,0.975696263790387,-1.70961251500991e-13,-1.70961251500991e-13,1.57832405141118e-13,1.57832405141118e-13,1.59487942514778e-13,1.59487942514778e-13,1.00997931470883e-14,1.00997931470883e-14,-1.69157675790378e-13,-1.69157675790378e-13,1.61144744039588e-13,1.61144744039588e-13,2.48062465609072e-15,2.48062465609072e-15,3.1208115483258e-16,3.1208115483258e-16,63.8891835061188,63.8891835061188,23.6675993758793,23.6675993758793,22,22,22.9812769695008,22.9812769695008,21.9999999999999,21.9999999999999,63.6720082579253,63.6720082579253,22.1700893306248,22.1700893306248,23.447427391152,23.447427391152,22.172415168799,22.172415168799
66,1.74626470981492e-15,2.42122134343968e-05,0.296486055568827,1,1.70961251500991e-13,1.70961251500991e-13,21.9999999999999,21.9999999999999,22.0000388717992,9.9247,19.2928,0.982300000000001,9.92474336374021,19.2932714939153,0.982296585199959,6.99363523560969,20.1757355308326,0.975694189130708,-1.70961251500991e-13,-1.70961251500991e-13,1.57832405141118e-13,1.57832405141118e-13,1.59487942514778e-13,1.59487942514778e-13,1.00997931470883e-14,1.00997931470883e-14,-1.69157675790378e-13,-1.69157675790378e-13,1.61144744039588e-13,1.61144744039588e-13,2.48062465609072e-15,2.48062465609072e-15,3.1208115483258e-16,3.1208115483258e-16,63.8891835061188,63.8891835061188,23.6675993758793,23.6675993758793,22,22,22.9812769695008,22.9812769695008,21.9999999999999,21.9999999999999,63.6720082579253,63.6720082579253,22.1700893306248,22.1700893306248,23.447427391152,23.447427391152,22.172415168799,22.172415168799
67,1.74626470981492e-15,2.27917157898018e-05,0.29654404185289,1,1.70961251500991e-13,1.70961251500991e-13,21.9999999999999,21.9999999999999,22.0000346837639,9.9247,19.2928,0.982300000000001,9.92474169257781,19.293243474484,0.982296774236005,6.99262144935206,20.1700362631934,0.975692138538229,-1.70961251500991e-13,-1.70961251500991e-13,1.57832405141118e-13,1.57832405141118e-13,1.59487942514778e-13,1.59487942514778e-13,1.00997931470883e-14,1.00997931470883e-14,-1.69157675790378e-13,-1.69157675790378e-13,1.61144744039588e-13,1.61144744039588e-13,2.48062465609072e-15,2.48062465609072e-15,3.1208115483258e-16,3.1208115483258e-16,63.8891835061188,63.8891835061188,23.6675993758793,23.6675993758793,22,22,22.9812769695008,22.9812769695008,21.9999999999999,21.9999999999999,63.6720082579253,63.6720082579253,22.1700893306248,22.1700893306248,23.447427391152,23.447427391152,22.172415168799,22.172415168799
68,1.74626470981492e-15,2.14552470277678e-05,0.296601232722152,1,1.70961251500991e-13,1.70961251500991e-13,21.9999999999999,21.9999999999999,22.0000310953022,9.9247,19.2928,0.982300000000001,9.92473995857857,19.2932171732789,0.982296954202315,6.99161859630759,20.1643355248955,0.975690112137808,-1.70961251500991e-13,-1.70961251500991e-13,1.57832405141118e-13,1.57832405141118e-13,1.59487942514778e-13,1.59487942514778e-13,1.00997931470883e-14,1.00997931470883e-14,-1.69157675790378e-13,-1.69157675790378e-13,1.61144744039588e-13,1.61144744039588e-13,2.48062465609072e-15,2.48062465609072e-15,3.1208115483258e-16,3.1208115483258e-16,63.8891835061188,63.8891835061188,23.6675993758793,23.6675993758793,22,22,22.9812769695008,22.9812769695008,21.9999999999999,21.9999999999999,63.6720082579253,63.6720082579253,22.1700893306248,22.1700893306248,23.447427391152,23.447427391152,22.172415168799,22.172415168799
69,1.74626470981492e-15,2.0197645055316e-05,0.296657627859991,1,1.70961251500991e-13,1.70961251500991e-13,21.9999999999999,21.9999999999999,22.0000280056425,9.9247,19.2928,0.982300000000001,9.92473819518886,19.2931924752384,0.982297125263606,6.99062667679008,20.1586333370183,0.975688110023203,-1.70961251500991e-13,-1.70961251500991e-13,1.57832405141118e-13,1.57832405141118e-13,1.59487942514778e-13,1.59487942514778e-13,1.00997931470883e-14,1.00997931470883e-14,-1.69157675790378e-13,-1.69157675790378e-13,1.61144744039588e-13,1.61144744039588e-13,2.48062465609072e-15,2.48062465609072e-15,3.1208115483258e-16,3.1208115483258e-16,63.8891835061188,63.8891835061188,23.6675993758793,23.6675993758793,22,22,22.9812769695008,22.9812769695008,21.9999999999999,21.9999999999999,63.6720082579253,63.6720082579253,22.1700893306248,22.1700893306248,23.447427391152,23.447427391152,22.172415168799,22.172415168799
70,1.74626470981492e-15,1.90141185891604e-05,0.296713226955124,1,1.70961251500991e-13,1.70961251500991e-13,21.9999999999999,21.9999999999999,22.0000253320815,9.9247,19.2928,0.982300000000001,9.92473642838147,19.2931692747212,0.982297287641867,6.9896456910842,20.1529297206472,0.975686132264776,-1.70961251500991e-13,-1.70961251500991e-13,1.57832405141118e-13,1.57832405141118e-13,1.59487942514778e-13,1.59487942514778e-13,1.00997931470883e-14,1.00997931470883e-14,-1.69157675790378e-13,-1.69157675790378e-13,1.61144744039588e-13,1.61144744039588e-13,2.48062465609072e-15,2.48062465609072e-15,3.1208115483258e-16,3.1208115483258e-16,63.8891835061188,63.8891835061188,23.6675993758793,23.6675993758793,22,22,22.9812769695008,22.9812769695008,21.9999999999999,21.9999999999999,63.6720082579253,63.6720082579253,22.1700893306248,22.1700893306248,23.447427391152,23.447427391152,22.172415168799,22.172415168799
71,1.74626470981492e-15,1.79002058134466e-05,0.296768029701708,1,1.70961251500991e-13,1.70961251500991e-13,21.9999999999999,21.9999999999999,22.0000230066714,9.9247,19.2928,0.982300000000001,9.92473467811507,19.2931474744568,0.982297441600864,6.98867563944284,20.1472246968712,0.97568417891529,-1.70961251500991e-13,-1.70961251500991e-13,1.57832405141118e-13,1.57832405141118e-13,1.59487942514778e-13,1.59487942514778e-13,1.00997931470883e-14,1.00997931470883e-14,-1.69157675790378e-13,-1.69157675790378e-13,1.61144744039588e-13,1.61144744039588e-13,2.48062465609072e-15,2.48062465609072e-15,3.1208115483258e-16,3.1208115483258e-16,63.8891835061188,63.8891835061188,23.6675993758793,23.6675993758793,22,22,22.9812769695008,22.9812769695008,21.9999999999999,21.9999999999999,63.6720082579253,63.6720082579253,22.1700893306248,22.1700893306248,23.447427391152,23.447427391152,22.172415168799,22.172415168799
72,1.74626470981492e-15,1.68517411309113e-05,0.296822035799424,1,1.70961251500991e-13,1.70961251500991e-13,21.9999999999999,21.9999999999999,22.0000209735194,9.9247,19.2928,0.982300000000001,9.92473295951895,19.2931269846505,0.982297587433726,6.98771652208519,20.141518286782,0.975682250014257,-1.70961251500991e-13,-1.70961251500991e-13,1.57832405141118e-13,1.57832405141118e-13,1.59487942514778e-13,1.59487942514778e-13,1.00997931470883e-14,1.00997931470883e-14,-1.69157675790378e-13,-1.69157675790378e-13,1.61144744039588e-13,1.61144744039588e-13,2.48062465609072e-15,2.48062465609072e-15,3.1208115483258e-16,3.1208115483258e-16,63.8891835061188,63.8891835061188,23.6675993758793,23.6675993758793,22,22,22.9812769695008,22.9812769695008,21.9999999999999,21.9999999999999,63.6720082579253,63.6720082579253,22.1700893306248,22.1700893306248,23.447427391152,23.447427391152,22.172415168799,22.172415168799
73,1.74626470981492e-15,1.58648278813959e-05,0.29687524495353,1,1.70961251500991e-13,1.70961251500991e-13,21.9999999999999,21.9999999999999,22.0000191865848,9.9247,19.2928,0.982300000000001,9.92473128385406,19.2931077222154,0.982297725453057,6.98676833919521,20.1358105114729,0.975680345591209,-1.70961251500991e-13,-1.70961251500991e-13,1.57832405141118e-13,1.57832405141118e-13,1.59487942514778e-13,1.59487942514778e-13,1.00997931470883e-14,1.00997931470883e-14,-1.69157675790378e-13,-1.69157675790378e-13,1.61144744039588e-13,1.61144744039588e-13,2.48062465609072e-15,2.48062465609072e-15,3.1208115483258e-16,3.1208115483258e-16,63.8891835061188,63.8891835061188,23.6675993758793,23.6675993758793,22,22,22.9812769695008,22.9812769695008,21.9999999999999,21.9999999999999,63.6720082579253,63.6720082579253,22.1700893306248,22.1700893306248,23.447427391152,23.447427391152,22.172415168799,22.172415168799
74,1.74626470981492e-15,1.49358155150931e-05,0.2969276568749,1,1.70961251500991e-13,1.70961251500991e-13,21.9999999999999,21.9999999999999,22.0000176078835,9.9247,19.2928,0.982300000000001,9.92472965929212,19.2930896101107,0.982297855983107,6.98583109092054,20.1301013920379,0.975678465668157,-1.70961251500991e-13,-1.70961251500991e-13,1.57832405141118e-13,1.57832405141118e-13,1.59487942514778e-13,1.59487942514778e-13,1.00997931470883e-14,1.00997931470883e-14,-1.69157675790378e-13,-1.69157675790378e-13,1.61144744039588e-13,1.61144744039588e-13,2.48062465609072e-15,2.48062465609072e-15,3.1208115483258e-16,3.1208115483258e-16,63.8891835061188,63.8891835061188,23.6675993758793,23.6675993758793,22,22,22.9812769695008,22.9812769695008,21.9999999999999,21.9999999999999,63.6720082579253,63.6720082579253,22.1700893306248,22.1700893306248,23.447427391152,23.447427391152,22.172415168799,22.172415168799
75,1.74626470981492e-15,1.40612801285721e-05,0.296979271280058,1,1.70961251500991e-13,1.70961251500991e-13,21.9999999999999,21.9999999999999,22.0000162060227,9.9247,19.2928,0.982300000000001,9.92472809154671,19.2930725767687,0.982297979353615,6.98490477737167,20.1243909495713,0.97567661026144,-1.70961251500991e-13,-1.70961251500991e-13,1.57832405141118e-13,1.57832405141118e-13,1.59487942514778e-13,1.59487942514778e-13,1.00997931470883e-14,1.00997931470883e-14,-1.69157675790378e-13,-1.69157675790378e-13,1.61144744039588e-13,1.61144744039588e-13,2.48062465609072e-15,2.48062465609072e-15,3.1208115483258e-16,3.1208115483258e-16,63.8891835061188,63.8891835061188,23.6675993758793,23.6675993758793,22,22,22.9812769695008,22.9812769695008,21.9999999999999,21.9999999999999,63.6720082579253,63.6720082579253,22.1700893306248,22.1700893306248,23.447427391152,23.447427391152,22.172415168799,22.172415168799
76,1.74626470981492e-15,1.3238007585064e-05,0.29703008789119,1,1.70961251500991e-13,1.70961251500991e-13,21.9999999999999,21.9999999999999,22.0000149550054,9.9247,19.2928,0.982300000000001,9.92472658438403,19.2930565555957,0.982298095895002,6.98398939862135,20.1186792051668,0.975674779383108,-1.70961251500991e-13,-1.70961251500991e-13,1.57832405141118e-13,1.57832405141118e-13,1.59487942514778e-13,1.59487942514778e-13,1.00997931470883e-14,1.00997931470883e-14,-1.69157675790378e-13,-1.69157675790378e-13,1.61144744039588e-13,1.61144744039588e-13,2.48062465609072e-15,2.48062465609072e-15,3.1208115483258e-16,3.1208115483258e-16,63.8891835061188,63.8891835061188,23.6675993758793,23.6675993758793,22,22,22.9812769695008,22.9812769695008,21.9999999999999,21.9999999999999,63.6720082579253,63.6720082579253,22.1700893306248,22.1700893306248,23.447427391152,23.447427391152,22.172415168799,22.172415168799
77,1.74626470981492e-15,1.24629786477341e-05,0.297080106436156,1,1.70961251500991e-13,1.70961251500991e-13,21.9999999999999,21.9999999999999,22.0000138332558,9.9247,19.2928,0.982300000000001,9.92472514003576,19.2930414845356,0.982298205934669,6.98308495470408,20.1129661799178,0.975672973041969,-1.70961251500991e-13,-1.70961251500991e-13,1.57832405141118e-13,1.57832405141118e-13,1.59487942514778e-13,1.59487942514778e-13,1.00997931470883e-14,1.00997931470883e-14,-1.69157675790378e-13,-1.69157675790378e-13,1.61144744039588e-13,1.61144744039588e-13,2.48062465609072e-15,2.48062465609072e-15,3.1208115483258e-16,3.1208115483258e-16,63.8891835061188,63.8891835061188,23.6675993758793,23.6675993758793,22,22,22.9812769695008,22.9812769695008,21.9999999999999,21.9999999999999,63.6720082579253,63.6720082579253,22.1700893306248,22.1700893306248,23.447427391152,23.447427391152,22.172415168799,22.172415168799
78,1.74626470981492e-15,1.17333557147701e-05,0.297129326648503,1,1.70961251500991e-13,1.70961251500991e-13,21.9999999999999,21.9999999999999,22.0000128228228,9.9247,19.2928,0.982300000000001,9.92472375953235,19.2930273056856,0.982298309794173,6.9821914456158,20.1072518949164,0.975671191244371,-1.70961251500991e-13,-1.70961251500991e-13,1.57832405141118e-13,1.57832405141118e-13,1.59487942514778e-13,1.59487942514778e-13,1.00997931470883e-14,1.00997931470883e-14,-1.69157675790378e-13,-1.69157675790378e-13,1.61144744039588e-13,1.61144744039588e-13,2.48062465609072e-15,2.48062465609072e-15,3.1208115483258e-16,3.1208115483258e-16,63.8891835061188,63.8891835061188,23.6675993758793,23.6675993758793,22,22,22.9812769695008,22.9812769695008,21.9999999999999,21.9999999999999,63.6720082579253,63.6720082579253,22.1700893306248,22.1700893306248,23.447427391152,23.447427391152,22.172415168799,22.172415168799
79,1.74626470981492e-15,1.10464708512159e-05,0.297177748267459,1,1.70961251500991e-13,1.70961251500991e-13,21.9999999999999,21.9999999999999,22.0000119087303,9.9247,19.2928,0.982300000000001,9.9247224429717,19.2930139649566,0.982298407787131,6.98130887131361,20.1015363712535,0.975669433994793,-1.70961251500991e-13,-1.70961251500991e-13,1.57832405141118e-13,1.57832405141118e-13,1.59487942514778e-13,1.59487942514778e-13,1.00997931470883e-14,1.00997931470883e-14,-1.69157675790378e-13,-1.69157675790378e-13,1.61144744039588e-13,1.61144744039588e-13,2.48062465609072e-15,2.48062465609072e-15,3.1208115483258e-16,3.1208115483258e-16,63.8891835061188,63.8891835061188,23.6675993758793,23.6675993758793,22,22,22.9812769695008,22.9812769695008,21.9999999999999,21.9999999999999,63.6720082579253,63.6720082579253,22.1700893306248,22.1700893306248,23.447427391152,23.447427391152,22.172415168799,22.172415168799
80,1.74626470981492e-15,1.03998148977019e-05,0.29722537103794,1,1.70961251500991e-13,1.70961251500991e-13,21.9999999999999,21.9999999999999,22.0000110784464,9.9247,19.2928,0.982300000000001,9.92472118973541,19.2930014117713,0.982298500217671,6.9804372317156,20.0958196300187,0.975667701296287,-1.70961251500991e-13,-1.70961251500991e-13,1.57832405141118e-13,1.57832405141118e-13,1.59487942514778e-13,1.59487942514778e-13,1.00997931470883e-14,1.00997931470883e-14,-1.69157675790378e-13,-1.69157675790378e-13,1.61144744039588e-13,1.61144744039588e-13,2.48062465609072e-15,2.48062465609072e-15,3.1208115483258e-16,3.1208115483258e-16,63.8891835061188,63.8891835061188,23.6675993758793,23.6675993758793,22,22,22.9812769695008,22.9812769695008,21.9999999999999,21.9999999999999,63.6720082579253,63.6720082579253,22.1700893306248,22.1700893306248,23.447427391152,23.447427391152,22.172415168799,22.172415168799
81,1.74626470981492e-15,9.79102747832054e-06,0.29727219471054,1,1.70961251500991e-13,1.70961251500991e-13,21.9999999999999,21.9999999999999,22.0000103214503,9.9247,19.2928,0.982300000000001,9.92471999866234,19.2929895987944,0.982298587379366,6.97957652670069,20.0901016922998,0.975665993150808,-1.70961251500991e-13,-1.70961251500991e-13,1.57832405141118e-13,1.57832405141118e-13,1.59487942514778e-13,1.59487942514778e-13,1.00997931470883e-14,1.00997931470883e-14,-1.69157675790378e-13,-1.69157675790378e-13,1.61144744039588e-13,1.61144744039588e-13,2.48062465609072e-15,2.48062465609072e-15,3.1208115483258e-16,3.1208115483258e-16,63.8891835061188,63.8891835061188,23.6675993758793,23.6675993758793,22,22,22.9812769695008,22.9812769695008,21.9999999999999,21.9999999999999,63.6720082579253,63.6720082579253,22.1700893306248,22.1700893306248,23.447427391152,23.447427391152,22.172415168799,22.172415168799
82,1.74626470981492e-15,9.21788778882816e-06,0.297318219041535,1,1.70961251500991e-13,1.70961251500991e-13,21.9999999999999,21.9999999999999,22.0000096288772,9.9247,19.2928,0.982300000000001,9.92471886818766,19.292978481691,0.982298669554509,6.97872675610856,20.084382579183,0.975664309559468,-1.70961251500991e-13,-1.70961251500991e-13,1.57832405141118e-13,1.57832405141118e-13,1.59487942514778e-13,1.59487942514778e-13,1.00997931470883e-14,1.00997931470883e-14,-1.69157675790378e-13,-1.69157675790378e-13,1.61144744039588e-13,1.61144744039588e-13,2.48062465609072e-15,2.48062465609072e-15,3.1208115483258e-16,3.1208115483258e-16,63.8891835061188,63.8891835061188,23.6675993758793,23.6675993758793,22,22,22.9812769695008,22.9812769695008,21.9999999999999,21.9999999999999,63.6720082579253,63.6720082579253,22.1700893306248,22.1700893306248,23.447427391152,23.447427391152,22.172415168799,22.172415168799
83,1.74626470981492e-15,8.67830605935128e-06,0.297363443792869,1,1.70961251500991e-13,1.70961251500991e-13,21.9999999999999,21.9999999999999,22.0000089932291,9.9247,19.2928,0.982300000000001,9.92471779645388,19.2929680189081,0.982298747013692,6.97788791973955,20.0786623117524,0.975662650522723,-1.70961251500991e-13,-1.70961251500991e-13,1.57832405141118e-13,1.57832405141118e-13,1.59487942514778e-13,1.59487942514778e-13,1.00997931470883e-14,1.00997931470883e-14,-1.69157675790378e-13,-1.69157675790378e-13,1.61144744039588e-13,1.61144744039588e-13,2.48062465609072e-15,2.48062465609072e-15,3.1208115483258e-16,3.1208115483258e-16,63.8891835061188,63.8891835061188,23.6675993758793,23.6675993758793,22,22,22.9812769695008,22.9812769695008,21.9999999999999,21.9999999999999,63.6720082579253,63.6720082579253,22.1700893306248,22.1700893306248,23.447427391152,23.447427391152,22.172415168799,22.172415168799
84,1.74626470981492e-15,8.17031561681517e-06,0.297407868732157,1,1.70961251500991e-13,1.70961251500991e-13,21.9999999999999,21.9999999999999,22.0000084081376,9.9247,19.2928,0.982300000000001,9.92471678139919,19.2929581714772,0.982298820015596,6.9770600173546,20.0729409110903,0.975661016040512,-1.70961251500991e-13,-1.70961251500991e-13,1.57832405141118e-13,1.57832405141118e-13,1.59487942514778e-13,1.59487942514778e-13,1.00997931470883e-14,1.00997931470883e-14,-1.69157675790378e-13,-1.69157675790378e-13,1.61144744039588e-13,1.61144744039588e-13,2.48062465609072e-15,2.48062465609072e-15,3.1208115483258e-16,3.1208115483258e-16,63.8891835061188,63.8891835061188,23.6675993758793,23.6675993758793,22,22,22.9812769695008,22.9812769695008,21.9999999999999,21.9999999999999,63.6720082579253,63.6720082579253,22.1700893306248,22.1700893306248,23.447427391152,23.447427391152,22.172415168799,22.172415168799
85,1.74626470981492e-15,7.69206548283727e-06,0.297451493632669,1,1.70961251500991e-13,1.70961251500991e-13,21.9999999999999,21.9999999999999,22.0000078681695,9.9247,19.2928,0.982300000000001,9.92471582082738,19.292948902835,0.982298888806968,6.97624304867527,20.0672183982767,0.975659406112364,-1.70961251500991e-13,-1.70961251500991e-13,1.57832405141118e-13,1.57832405141118e-13,1.59487942514778e-13,1.59487942514778e-13,1.00997931470883e-14,1.00997931470883e-14,-1.69157675790378e-13,-1.69157675790378e-13,1.61144744039588e-13,1.61144744039588e-13,2.48062465609072e-15,2.48062465609072e-15,3.1208115483258e-16,3.1208115483258e-16,63.8891835061188,63.8891835061188,23.6675993758793,23.6675993758793,22,22,22.9812769695008,22.9812769695008,21.9999999999999,21.9999999999999,63.6720082579253,63.6720082579253,22.1700893306248,22.1700893306248,23.447427391152,23.447427391152,22.172415168799,22.172415168799
86,1.74626470981492e-15,7.24181345749768e-06,0.297494318273329,1,1.70961251500991e-13,1.70961251500991e-13,21.9999999999999,21.9999999999999,22.0000073686682,9.9247,19.2928,0.982300000000001,9.92471491246305,19.2929401786592,0.982298953622724,6.97543701338363,20.0614947943896,0.975657820737481,-1.70961251500991e-13,-1.70961251500991e-13,1.57832405141118e-13,1.57832405141118e-13,1.59487942514778e-13,1.59487942514778e-13,1.00997931470883e-14,1.00997931470883e-14,-1.69157675790378e-13,-1.69157675790378e-13,1.61144744039588e-13,1.61144744039588e-13,2.48062465609072e-15,2.48062465609072e-15,3.1208115483258e-16,3.1208115483258e-16,63.8891835061188,63.8891835061188,23.6675993758793,23.6675993758793,22,22,22.9812769695008,22.9812769695008,21.9999999999999,21.9999999999999,63.6720082579253,63.6720082579253,22.1700893306248,22.1700893306248,23.447427391152,23.447427391152,22.172415168799,22.172415168799
87,1.74626470981492e-15,6.81791964508075e-06,0.297536342438704,1,1.70961251500991e-13,1.70961251500991e-13,21.9999999999999,21.9999999999999,22.0000069056232,9.9247,19.2928,0.982300000000001,9.92471405399468,19.2929319667189,0.982299014686163,6.97464191112233,20.0557701205043,0.975656259914792,-1.70961251500991e-13,-1.70961251500991e-13,1.57832405141118e-13,1.57832405141118e-13,1.59487942514778e-13,1.59487942514778e-13,1.00997931470883e-14,1.00997931470883e-14,-1.69157675790378e-13,-1.69157675790378e-13,1.61144744039588e-13,1.61144744039588e-13,2.48062465609072e-15,2.48062465609072e-15,3.1208115483258e-16,3.1208115483258e-16,63.8891835061188,63.8891835061188,23.6675993758793,23.6675993758793,22,22,22.9812769695008,22.9812769695008,21.9999999999999,21.9999999999999,63.6720082579253,63.6720082579253,22.1700893306248,22.1700893306248,23.447427391152,23.447427391152,22.172415168799,22.172415168799
88,1.74626470981492e-15,6.41884038703743e-06,0.297577565918997,1,1.70961251500991e-13,1.70961251500991e-13,21.9999999999999,21.9999999999999,22.0000064755627,9.9247,19.2928,0.982300000000001,9.92471324310812,19.2929242367371,0.98229907220925,6.97385774149454,20.0500443976942,0.975654723643003,-1.70961251500991e-13,-1.70961251500991e-13,1.57832405141118e-13,1.57832405141118e-13,1.59487942514778e-13,1.59487942514778e-13,1.00997931470883e-14,1.00997931470883e-14,-1.69157675790378e-13,-1.69157675790378e-13,1.61144744039588e-13,1.61144744039588e-13,2.48062465609072e-15,2.48062465609072e-15,3.1208115483258e-16,3.1208115483258e-16,63.8891835061188,63.8891835061188,23.6675993758793,23.6675993758793,22,22,22.9812769695008,22.9812769695008,21.9999999999999,21.9999999999999,63.6720082579253,63.6720082579253,22.1700893306248,22.1700893306248,23.447427391152,23.447427391152,22.172415168799,22.172415168799
89,1.74626470981492e-15,6.04312256793813e-06,0.29761798851004,1,1.70961251500991e-13,1.70961251500991e-13,21.9999999999999,21.9999999999999,22.0000060754664,9.9247,19.2928,0.982300000000001,9.92471247751233,19.2929169602633,0.982299126392961,6.97308450406396,20.0443176470297,0.97565321192063,-1.70961251500991e-13,-1.70961251500991e-13,1.57832405141118e-13,1.57832405141118e-13,1.59487942514778e-13,1.59487942514778e-13,1.00997931470883e-14,1.00997931470883e-14,-1.69157675790378e-13,-1.69157675790378e-13,1.61144744039588e-13,1.61144744039588e-13,2.48062465609072e-15,2.48062465609072e-15,3.1208115483258e-16,3.1208115483258e-16,63.8891835061188,63.8891835061188,23.6675993758793,23.6675993758793,22,22,22.9812769695008,22.9812769695008,21.9999999999999,21.9999999999999,63.6720082579253,63.6720082579253,22.1700893306248,22.1700893306248,23.447427391152,23.447427391152,22.172415168799,22.172415168799
90,1.74626470981492e-15,5.68939827339061e-06,0.297657610013283,1,1.70961251500991e-13,1.70961251500991e-13,21.9999999999999,21.9999999999999,22.0000057026923,9.9247,19.2928,0.982300000000001,9.92471175495882,19.292910110557,0.982299177427663,6.97232219835485,20.0385898895791,0.975651724746022,-1.70961251500991e-13,-1.70961251500991e-13,1.57832405141118e-13,1.57832405141118e-13,1.59487942514778e-13,1.59487942514778e-13,1.00997931470883e-14,1.00997931470883e-14,-1.69157675790378e-13,-1.69157675790378e-13,1.61144744039588e-13,1.61144744039588e-13,2.48062465609072e-15,2.48062465609072e-15,3.1208115483258e-16,3.1208115483258e-16,63.8891835061188,63.8891835061188,23.6675993758793,23.6675993758793,22,22,22.9812769695008,22.9812769695008,21.9999999999999,21.9999999999999,63.6720082579253,63.6720082579253,22.1700893306248,22.1700893306248,23.447427391152,23.447427391152,22.172415168799,22.172415168799
91,1.74626470981492e-15,5.35637976790084e-06,0.297696430235787,1,1.70961251500991e-13,1.70961251500991e-13,21.9999999999999,21.9999999999999,22.000005354918,9.9247,19.2928,0.982300000000001,9.92471107325614,19.2929036624791,0.982299225493522,6.97157082385197,20.0328611464077,0.975650262117383,-1.70961251500991e-13,-1.70961251500991e-13,1.57832405141118e-13,1.57832405141118e-13,1.59487942514778e-13,1.59487942514778e-13,1.00997931470883e-14,1.00997931470883e-14,-1.69157675790378e-13,-1.69157675790378e-13,1.61144744039588e-13,1.61144744039588e-13,2.48062465609072e-15,2.48062465609072e-15,3.1208115483258e-16,3.1208115483258e-16,63.8891835061188,63.8891835061188,23.6675993758793,23.6675993758793,22,22,22.9812769695008,22.9812769695008,21.9999999999999,21.9999999999999,63.6720082579253,63.6720082579253,22.1700893306248,22.1700893306248,23.447427391152,23.447427391152,22.172415168799,22.172415168799
92,1.74626470981492e-15,5.04285477664903e-06,0.297734448990216,1,1.70961251500991e-13,1.70961251500991e-13,21.9999999999999,21.9999999999999,22.0000050300908,9.9247,19.2928,0.982300000000001,9.92471043028034,19.2928975923915,0.982299270760925,6.97083038000067,20.0271314385783,0.975648824032784,-1.70961251500991e-13,-1.70961251500991e-13,1.57832405141118e-13,1.57832405141118e-13,1.59487942514778e-13,1.59487942514778e-13,1.00997931470883e-14,1.00997931470883e-14,-1.69157675790378e-13,-1.69157675790378e-13,1.61144744039588e-13,1.61144744039588e-13,2.48062465609072e-15,2.48062465609072e-15,3.1208115483258e-16,3.1208115483258e-16,63.8891835061188,63.8891835061188,23.6675993758793,23.6675993758793,22,22,22.9812769695008,22.9812769695008,21.9999999999999,21.9999999999999,63.6720082579253,63.6720082579253,22.1700893306248,22.1700893306248,23.447427391152,23.447427391152,22.172415168799,22.172415168799
93,1.74626470981492e-15,4.74768205090625e-06,0.29777166609483,1,1.70961251500991e-13,1.70961251500991e-13,21.9999999999999,21.9999999999999,22.0000047263873,9.9247,19.2928,0.982300000000001,9.92470982398231,19.2928918780638,0.982299313390912,6.97010086620683,20.0214007871507,0.975647410490176,-1.70961251500991e-13,-1.70961251500991e-13,1.57832405141118e-13,1.57832405141118e-13,1.59487942514778e-13,1.59487942514778e-13,1.00997931470883e-14,1.00997931470883e-14,-1.69157675790378e-13,-1.69157675790378e-13,1.61144744039588e-13,1.61144744039588e-13,2.48062465609072e-15,2.48062465609072e-15,3.1208115483258e-16,3.1208115483258e-16,63.8891835061188,63.8891835061188,23.6675993758793,23.6675993758793,22,22,22.9812769695008,22.9812769695008,21.9999999999999,21.9999999999999,63.6720082579253,63.6720082579253,22.1700893306248,22.1700893306248,23.447427391152,23.447427391152,22.172415168799,22.172415168799
94,1.74626470981492e-15,4.4697871927274e-06,0.297808081373472,1,1.70961251500991e-13,1.70961251500991e-13,21.9999999999999,21.9999999999999,22.0000044421801,9.9247,19.2928,0.982300000000001,9.92470925239251,19.2928864985865,0.982299353535609,6.96938228183691,20.0156692131819,0.975646021487397,-1.70961251500991e-13,-1.70961251500991e-13,1.57832405141118e-13,1.57832405141118e-13,1.59487942514778e-13,1.59487942514778e-13,1.00997931470883e-14,1.00997931470883e-14,-1.69157675790378e-13,-1.69157675790378e-13,1.61144744039588e-13,1.61144744039588e-13,2.48062465609072e-15,2.48062465609072e-15,3.1208115483258e-16,3.1208115483258e-16,63.8891835061188,63.8891835061188,23.6675993758793,23.6675993758793,22,22,22.9812769695008,22.9812769695008,21.9999999999999,21.9999999999999,63.6720082579253,63.6720082579253,22.1700893306248,22.1700893306248,23.447427391152,23.447427391152,22.172415168799,22.172415168799
95,1.74626470981492e-15,4.20815873322723e-06,0.297843694655563,1,1.70961251500991e-13,1.70961251500991e-13,21.9999999999999,21.9999999999999,22.0000041760094,9.9247,19.2928,0.982300000000001,9.92470871362388,19.2928814342898,0.98229939133865,6.96867462621794,20.0099367377259,0.975644657022178,-1.70961251500991e-13,-1.70961251500991e-13,1.57832405141118e-13,1.57832405141118e-13,1.59487942514778e-13,1.59487942514778e-13,1.00997931470883e-14,1.00997931470883e-14,-1.69157675790378e-13,-1.69157675790378e-13,1.61144744039588e-13,1.61144744039588e-13,2.48062465609072e-15,2.48062465609072e-15,3.1208115483258e-16,3.1208115483258e-16,63.8891835061188,63.8891835061188,23.6675993758793,23.6675993758793,22,22,22.9812769695008,22.9812769695008,21.9999999999999,21.9999999999999,63.6720082579253,63.6720082579253,22.1700893306248,22.1700893306248,23.447427391152,23.447427391152,22.172415168799,22.172415168799
96,1.74626470981492e-15,3.96184443945309e-06,0.297878505776096,1,1.70961251500991e-13,1.70961251500991e-13,21.9999999999999,21.9999999999999,22.0000039265596,9.9247,19.2928,0.982300000000001,9.92470820587301,19.2928766666682,0.982299426935604,6.96797789863754,20.0042033818338,0.975643317092148,-1.70961251500991e-13,-1.70961251500991e-13,1.57832405141118e-13,1.57832405141118e-13,1.59487942514778e-13,1.59487942514778e-13,1.00997931470883e-14,1.00997931470883e-14,-1.69157675790378e-13,-1.69157675790378e-13,1.61144744039588e-13,1.61144744039588e-13,2.48062465609072e-15,2.48062465609072e-15,3.1208115483258e-16,3.1208115483258e-16,63.8891835061188,63.8891835061188,23.6675993758793,23.6675993758793,22,22,22.9812769695008,22.9812769695008,21.9999999999999,21.9999999999999,63.6720082579253,63.6720082579253,22.1700893306248,22.1700893306248,23.447427391152,23.447427391152,22.172415168799,22.172415168799
97,1.74626470981492e-15,3.72994784023714e-06,0.29791251457562,1,1.70961251500991e-13,1.70961251500991e-13,21.9999999999999,21.9999999999999,22.0000036926407,9.9247,19.2928,0.982300000000001,9.92470772742024,19.2928721783103,0.982299460454378,6.96729209834394,19.9984691665534,0.975642001694838,-1.70961251500991e-13,-1.70961251500991e-13,1.57832405141118e-13,1.57832405141118e-13,1.59487942514778e-13,1.59487942514778e-13,1.00997931470883e-14,1.00997931470883e-14,-1.69157675790378e-13,-1.69157675790378e-13,1.61144744039588e-13,1.61144744039588e-13,2.48062465609072e-15,2.48062465609072e-15,3.1208115483258e-16,3.1208115483258e-16,63.8891835061188,63.8891835061188,23.6675993758793,23.6675993758793,22,22,22.9812769695008,22.9812769695008,21.9999999999999,21.9999999999999,63.6720082579253,63.6720082579253,22.1700893306248,22.1700893306248,23.447427391152,23.447427391152,22.172415168799,22.172415168799
98,1.74626470981492e-15,3.51162495718564e-06,0.297945720900239,1,1.70961251500991e-13,1.70961251500991e-13,21.9999999999999,21.9999999999999,22.0000034731713,9.9247,19.2928,0.982300000000001,9.92470727662882,19.292867952832,0.98229949201562,6.96661722454599,19.9927341129294,0.97564071082768,-1.70961251500991e-13,-1.70961251500991e-13,1.57832405141118e-13,1.57832405141118e-13,1.59487942514778e-13,1.59487942514778e-13,1.00997931470883e-14,1.00997931470883e-14,-1.69157675790378e-13,-1.69157675790378e-13,1.61144744039588e-13,1.61144744039588e-13,2.48062465609072e-15,2.48062465609072e-15,3.1208115483258e-16,3.1208115483258e-16,63.8891835061188,63.8891835061188,23.6675993758793,23.6675993758793,22,22,22.9812769695008,22.9812769695008,21.9999999999999,21.9999999999999,63.6720082579253,63.6720082579253,22.1700893306248,22.1700893306248,23.447427391152,23.447427391152,22.172415168799,22.172415168799
99,1.74626470981492e-15,3.30608122758868e-06,0.297978124601601,1,1.70961251500991e-13,1.70961251500991e-13,21.9999999999999,21.9999999999999,22.0000032671651,9.9247,19.2928,0.982300000000001,9.9247068519433,19.2928639748156,0.982299521733098,6.96595327641316,19.9869982420032,0.975639444488018,-1.70961251500991e-13,-1.70961251500991e-13,1.57832405141118e-13,1.57832405141118e-13,1.59487942514778e-13,1.59487942514778e-13,1.00997931470883e-14,1.00997931470883e-14,-1.69157675790378e-13,-1.69157675790378e-13,1.61144744039588e-13,1.61144744039588e-13,2.48062465609072e-15,2.48062465609072e-15,3.1208115483258e-16,3.1208115483258e-16,63.8891835061188,63.8891835061188,23.6675993758793,23.6675993758793,22,22,22.9812769695008,22.9812769695008,21.9999999999999,21.9999999999999,63.6720082579253,63.6720082579253,22.1700893306248,22.1700893306248,23.447427391152,23.447427391152,22.172415168799,22.172415168799
100,1.74626470981492e-15,3.11256860969008e-06,0.298009725536891,NaN,NaN,NaN,NaN,NaN,NaN,9.9247,19.2928,0.982300000000001,9.92470645188752,19.2928602297515,0.982299549714071,6.96530025307557,19.9812615748128,0.975638202673096,NaN,NaN,NaN,NaN,NaN,NaN,NaN,NaN,NaN,NaN,NaN,NaN,NaN,NaN,NaN,NaN,NaN,NaN,NaN,NaN,NaN,NaN,NaN,NaN,NaN,NaN,NaN,NaN,NaN,NaN,NaN,NaN,NaN,NaN
