cycle,controlled_error,open_loop_error,controlled_vc1_v,controlled_vc2_v,controlled_il_a,open_vc1_v,open_vc2_v,open_il_a,offset_1_us,offset_2_us,offset_3_us,offset_4_us,offset_5_us,offset_6_us,offset_7_us,offset_8_us,dwell_1_us,dwell_2_us,dwell_3_us,dwell_4_us,dwell_5_us,dwell_6_us,dwell_7_us,dwell_8_us,dwell_9_us
0,0.05,0.05,10.2960906763541,18.7357139854688,1.00086953381771,10.2960906763541,18.7357139854688,1.00086953381771,-0.351667586960328,0.679952462394793,-0.247022697964588,0.635517152162206,-0.708915737033404,-0.256280222547856,0.316818958970093,-0.33186705620108,63.5375159191587,24.6992194252341,21.0730248396406,23.8638168196278,20.6555671108044,64.1246437724105,22.7431885121429,22.7987413759808,22.5042822250001
1,0.041122565930726,0.0487073005774498,10.2214835289191,18.7953919629894,0.996146440341962,10.2990449552416,18.7377619288429,0.99647362068453,-0.328970779671155,0.573422744968405,-0.181304645680206,0.540961187370075,-0.598492326376738,-0.189849544143481,0.234618370129438,-0.245763267604096,63.5602127264478,24.5699929005186,21.2452726093514,23.7035428025513,20.8605464862532,64.0806510401582,22.5945572448979,22.9670457534185,22.4181784364031
2,0.0341603355834731,0.0479929417830864,10.1614156081901,18.8462671256632,0.992697437949267,10.301500394371,18.73949511661,0.993170664839628,-0.307639812955048,0.48642190005187,-0.128937653600108,0.462215748109261,-0.508276406297481,-0.136794793842175,0.170430797435405,-0.178506747727614,63.5815436931639,24.4616610888859,21.384640446348,23.5724303712103,21.0295078455933,64.0434898703803,22.4773149219026,23.098489845989,22.3509219165267
3,0.0286769908114987,0.0476141835743418,10.1129905077443,18.8899472695791,0.990181043263273,10.303580544692,18.7409922048156,0.99068905232575,-0.287667262410552,0.415031425635261,-0.0873096302194674,0.396456900460777,-0.434212867247945,-0.0945168251386359,0.120335878587348,-0.126001132963804,63.6015162437084,24.3702980639248,21.4976589441453,23.4650435001812,21.1693302322913,64.0117043000343,22.384942034351,23.2010903796008,22.2984163017628
4,0.024340886632614,0.0474270216615183,10.0739282102532,18.9277025082399,0.988345471733798,10.3053782525338,18.7423123016972,0.988824668512898,-0.269017074390599,0.356186504596792,-0.0543472759065859,0.341412284898784,-0.3731305467173,-0.0609494974415786,0.0813050417859954,-0.0850808474260899,63.6201664317284,24.2928029548664,21.5894662194966,23.3770365303064,21.2854571683839,63.9841893072007,22.3123438698526,23.28104150194,22.2574960162251
5,0.0208973638743149,0.0473480261178269,10.0424177486808,18.9605460574893,0.987005680351028,10.3069632900734,18.7434998255487,0.987424123705243,-0.251633685706391,0.307469902951872,-0.0283889674384815,0.295233397652771,-0.322528769904664,-0.0344342048594928,0.0509833533446956,-0.053283498614303,63.6375498204126,24.2267029645373,21.6641411296097,23.3048993345922,21.3822378324426,63.9601028229701,22.2555068888292,23.343160539193,22.2256986674133
6,0.0181490629540484,0.0473295726944281,10.0170109889499,18.9892927444356,0.986026078884072,10.3083880895409,18.7445881553458,0.986372147386081,-0.235449495651322,0.266962252571699,-0.00809401415927373,0.256405390173921,-0.280422258839647,-0.0136304405356925,0.0275298921371502,-0.0286833780678218,63.6537340104677,24.170011124102,21.724943733269,23.2457763738342,21.4631723509865,63.9388000762289,22.2112496632979,23.391214120947,22.2010985468669
7,0.0159419679603554,0.0473447377047053,9.99654415108257,19.0146022831475,0.985307590039612,10.3096920524066,18.745602374148,0.98558211514424,-0.220390601350019,0.233131185441324,0.00762419205794724,0.223680853573292,-0.245226281291948,0.00255005896739991,0.00949927575798204,-0.0097678951434791,63.668792904769,24.1211211626703,21.7744930066166,23.1973336310163,21.5310928651348,63.9197845981843,22.1770385474156,23.4281602202505,22.1821830639425
8,0.014155469318179,0.0473784068233938,9.98007857410897,19.0370118792498,0.984778011324057,10.3109047876826,18.746561330732,0.984988929772989,-0.206380981285067,0.204747858868583,0.0196487944845965,0.196029520616352,-0.21567018045815,0.014993201934975,-0.00424735504155542,0.00465527199079099,63.6828025248339,24.0787282160327,21.814900935616,23.1576576956328,21.5883002989255,63.9026716403181,22.1508487736484,23.4563300181844,22.1677598968082
9,0.0126951618950085,0.0474221465789939,9.96685520015052,19.0569611853197,0.984384864568423,10.3120485454684,18.7474791888845,0.984543671501322,-0.19334540330883,0.180823209715796,0.0286986764986962,0.172598972044,-0.190731351636203,0.0244212283788343,-0.0146099212649001,0.0155286862389043,63.6958381028102,24.0417679889036,21.8478754667829,23.1251772650463,21.6366696763198,63.88716083794,22.1310581809813,23.4775659986558,22.1568864825601
10,0.011487451771559,0.047471280986849,9.95625909033277,19.0748116550846,0.984090108957644,10.3131400457302,18.7483665916773,0.984209577706994,-0.181211338490447,0.160558698438276,0.0353593723312923,0.152683271981895,-0.169584237561704,0.0314232647749275,-0.0223011755270383,0.0235991783784077,63.7079721676285,24.0093694128077,21.874800673893,23.0986008691516,21.6777324904564,63.8730157602616,22.116364890323,23.4933277450574,22.1488159904206
11,0.0104753492774528,0.0475232371801131,9.94779144412801,19.0908617167903,0.98386624359575,10.3141918526076,18.7492315364057,0.983959021719119,-0.169910130289604,0.143307880083909,0.0401077665237941,0.135697540775594,-0.151560545593112,0.0364797881553165,-0.0278866544875464,0.02945955701989,63.7192733758294,23.9808173862525,21.8967998864399,23.0768667437528,21.7127419136313,63.8600485916734,22.1057228879821,23.5047736026595,22.1429556117791
12,0.00961506996343822,0.0475766137415871,9.94104734083667,19.1053587734003,0.983693442250168,10.315213407188,18.7500800320944,0.983771242424593,-0.159377624725108,0.128546186599348,0.043332021691585,0.121157122441787,-0.136117974566382,0.0399824060343422,-0.0318157055386859,0.033581014112382,63.7298058813939,23.9555231872035,21.9147858350922,23.0591020702512,21.7427249029919,63.8481086385257,22.098291219052,23.5128241108031,22.1388341546866
13,0.00887323607949149,0.0476306580557436,9.9356979152048,19.1185087600744,0.983557452323879,10.3162118036241,18.7509165936055,0.983630638094575,-0.149554423343411,0.115847015421554,0.0453477645041355,0.108660400979144,-0.122815475668255,0.0422499565142249,-0.0344457096376825,0.036338435964999,63.7396290827756,23.933000814644,21.9295007490826,23.044589605976,21.7685241233526,63.8370736901074,22.0933936644731,23.5182115367547,22.136076732834
14,0.00822457011474938,0.0476849742050454,9.93147601337271,19.1304837990161,0.983448058032299,10.3171923723776,18.7517446129546,0.983525484215568,-0.140385882001951,0.104862712016757,0.0464112910909487,0.0978745700461288,-0.11129358259087,0.0435416705558967,-0.0360610771170502,0.0380302619962077,63.748797624117,23.9128479698977,21.9415485790742,23.0327402484562,21.790831847363,63.8268435110717,22.090486582952,23.5215187302653,22.1343849068028
15,0.00765001616130436,0.0477393604076598,9.92816460789322,19.1414283581389,0.983357959021125,10.3181591185188,18.7525666383499,0.98344696995487,-0.131821946400613,0.095309382837338,0.0467303708604438,0.0885238243746146,-0.101258708089016,0.0440679612601659,-0.036888201217244,0.0388941252072722,63.7573615597184,23.8947307051169,21.9514209880231,23.0230704230152,21.8102174675364,63.8173349272741,22.0891331681476,23.5232097175765,22.1335210435918
16,0.0071352374087736,0.047793719033344,9.92558741670539,19.1514642241043,0.983281954136078,10.3191150511042,18.7533845838877,0.983388474075918,-0.12381688987811,0.086954727067362,0.0464730996747954,0.0803795535111878,-0.092470565449218,0.0439992809037853,-0.0371072679561274,0.0391192105713374,63.7653666162409,23.8783709928245,21.9595183726074,23.0151834233374,21.8271498810396,63.808478104278,22.0889827817651,23.5236538696795,22.1332959582277
17,0.00666943810827429,0.0478480071528682,9.92360129265963,19.1606945300725,0.983216348809119,10.3200624306999,18.7541998871353,0.983345020797376,-0.116328999470568,0.0796082607905834,0.0457751601374904,0.0732521991066093,-0.0847320656375105,0.0434733962766116,-0.036861609460891,0.0388560474384118,63.7728545066484,23.8635366361402,21.9661668993469,23.0087540084701,21.8420157352559,63.8002137198391,22.0897543248875,23.5231450480513,22.1335591213606
18,0.00624445702999114,0.0479022096349733,9.92209004137352,19.1692070261291,0.98315852593638,10.3210029553919,18.7550136275529,0.983312870877754,-0.10932024160508,0.0731134457004492,0.0447457767190034,0.066984497606765,-0.0778811845994786,0.0426013650547191,-0.0362651298102021,0.0382242875417944,63.7798632645139,23.8500330631845,21.9716323310186,23.0035156903888,21.8551343177938,63.7924908075792,22.0912228357601,23.521916808504,22.1341908812572
19,0.00585408104009642,0.0479563247201289,9.9209593948424,19.1770767406401,0.983106636016037,10.3219379005709,18.7558266154862,0.983289214320424,-0.102755928077315,0.0673413394611236,0.0434725993576044,0.061445877602219,-0.0717844041152107,0.0414724434774257,-0.0354082131278684,0.0373188960039318,63.7864275780417,23.8376966434175,21.9761312598965,22.9992502477456,21.8667697182826,63.7852651055176,22.0932086740197,23.5201545002838,22.1350962727951
20,0.00549353220380201,0.0480103564489039,9.92013292227878,19.1843681502638,0.983059374079118,10.3228682239793,18.7566394590434,0.983271939445118,-0.0966043952579372,0.0621854653814396,0.0420257064788752,0.0565278192774431,-0.0663314131653698,0.0401581140680172,-0.0343624328722047,0.0362150881993822,63.792579110861,23.8263892365184,21.9798402410974,22.9957790822996,21.8771407675572,63.7784977851583,22.0955687836848,23.5180049122236,22.1362000805996
21,0.00515908852957303,0.0480643108183017,9.91954870213931,19.1911369526088,0.983015819633235,10.3237946446519,18.7574526143523,0.983259459347933,-0.0908367040518917,0.0575576614872385,0.0404608841236236,0.0521400148052622,-0.0614308214920805,0.0387153887077859,-0.0331843116696897,0.034972272839278,63.7983468020671,23.8159937414181,21.9829032226364,22.9929561001826,21.8864291637027,63.7721544681248,22.0981896302475,23.515583975661,22.1374428959597
22,0.00484780573474828,0.0481181939362914,9.91915661302381,19.1974315168966,0.982975322239044,10.3247177022397,18.7582664233282,0.98325058148811,-0.085426364409322,0.0533847178501097,0.0388223100719583,0.0482071947033562,-0.0570066875920556,0.0371895151429786,-0.0319183273704537,0.0336372057101363,63.8037571417097,23.8064104581384,21.9854375922218,22.9906618541324,21.8947861177046,63.76620446066,22.1009814881116,23.5129829242326,22.1387779630889
23,0.00455731427089166,0.0481720112244365,9.9189161281055,19.2032940732453,0.982937420043778,10.3256378015904,18.7590811420555,0.983244409684065,-0.0803490856980101,0.0496056493936143,0.0371447491090624,0.0446665071431641,-0.0529957031275842,0.0356161926508611,-0.0305993193939803,0.0322465151160487,63.808834420421,23.7975541109706,21.9875390997154,22.9887987275351,21.9023377897293,63.7606201537034,22.1038738185801,23.5102732256621,22.140168653683
24,0.00428567179446759,0.0482257671520532,9.91879451944567,19.2087616894709,0.982901782047486,10.3265552462509,18.7598969621165,0.983240270464575,-0.0755825526450589,0.0461694817371825,0.0354553468834008,0.0414653557138031,-0.049344907162656,0.0340233841538488,-0.0292544170286368,0.0308287262680846,63.8136009534739,23.7893514102612,21.9892858651462,22.9872869783314,21.9091897371236,63.7553765492415,22.1068115294425,23.5075105344488,22.1415864425309
25,0.0040312561431461,0.0482794652251272,9.91876539606555,19.2138670749215,0.982868167404412,10.327470263643,18.76071402662,0.983237657722589,-0.0711062255784572,0.043033451737757,0.0337750943962135,0.0385596167532191,-0.0460098285811288,0.0324327968234606,-0.0279045860112962,0.0294058854175579,63.8180772805405,23.7817390531952,21.9907416426585,22.986061491858,21.9154305546657,63.7504508833296,22.1097519477903,23.5047378625809,22.1430092833814
26,0.00379268772050862,0.0483331080849081,9.91880751383671,19.2186392433417,0.982836396908185,10.3283830239833,18.7615324422459,0.983236191123225,-0.0669011631541295,0.0401615436015382,0.0321200224379105,0.0359121705103545,-0.0429529749256476,0.0308610905926546,-0.0265658698327277,0.0279948637666473,63.8222823429649,23.7746620826347,21.9919584788364,22.9850691175734,21.921134854564,63.7458223234433,22.1126623701996,23.5019881247514,22.1444203050324
27,0.00356877313773422,0.0483866976426764,9.91890380676718,19.2231040607094,0.982806333155834,10.3292936545016,18.7623522882973,0.983235584847877,-0.0629498655005789,0.0375232967992904,0.030502174778298,0.0334916914639829,-0.040142601786365,0.0293208635422354,-0.0252503865663919,0.0266084048379109,63.8262336406184,23.7680725381789,21.992978877979,22.9842664861867,21.9263657067497,63.7414717232536,22.1155180805164,23.4992861825563,22.1458067639611
28,0.00335846417435175,0.0484402352155199,9.91904059861941,19.2272846991017,0.982777866865419,10.3302022501248,18.7631736235025,0.983235624105796,-0.0592361356508234,0.0350928343302837,0.028930400239637,0.0312716524075965,-0.0375517095997071,0.0278214544753281,-0.0239671296671803,0.0252559660703879,63.8299473704682,23.7619283458601,21.9938375659094,22.983618221669,21.9311766379927,63.737381422,22.1183007464825,23.4966504868896,22.1471592027286
29,0.00316082775917579,0.0484937216480268,9.91920696141084,19.2312020137018,0.982750907533494,10.3311088815067,18.7639964911268,0.983236147482812,-0.0557449571889639,0.0328480697673001,0.0274109966195305,0.0292295046824545,-0.0351572249382641,0.0263695958389291,-0.0227226114130873,0.0239443951856086,63.83343854893,23.7561924028353,21.9945629268522,22.9830954775639,21.9356132703793,63.7335350787022,22.120997123373,23.4940943977507,22.1484707736134
30,0.00297502387319641,0.0485471574149836,9.9193941935464,19.234874856863,0.982725377134154,10.3320136010618,18.7648209228144,0.983237033676624,-0.052462386167443,0.0307700594693206,0.0259482335244335,0.027346003433143,-0.0329393315927591,0.0249699442403638,-0.0215213799109582,0.0226784737532045,63.8367211199515,23.7508318215158,21.9951781740551,22.9826747394097,21.9397146649741,63.7299175337581,22.1235980064737,23.4916272448162,22.1497366950458
31,0.00280028914871111,0.0486005427050038,9.91959539538128,19.2383203405598,0.982701205933978,10.3329164474999,18.7656469414745,0.983238191528517,-0.0493754555166187,0.0288424727563617,0.0245447763082331,0.025604652169617,-0.0308809233669914,0.0236255109281594,-0.0203664344258442,0.0214613539334302,63.8398080506024,23.745817304152,21.9957023035519,22.9823368453624,21.9435144244634,63.7265146922201,22.126097385271,23.4892551795113,22.1509538148656
32,0.002635924569371,0.0486538774871013,9.91980512412532,19.2415540564514,0.982678329765772,10.3338174492336,18.7664745634514,0.983239552532328,-0.0464720903493213,0.027051158009923,0.0232020293049424,0.0239912454177477,-0.0289671558452949,0.022338010585785,-0.019259558886573,0.0202949092329944,63.8427114157697,23.7411226242383,21.996150871295,22.9820661856138,21.947041598737,63.7233134243561,22.1284917611526,23.4869818592716,22.152120259566
33,0.00248128612925084,0.0487071615628828,9.92001911335153,19.2445902610844,0.982656688297087,10.3347166269388,18.7673038001546,0.983241065205018,-0.0437410327444547,0.0253837868362055,0.0219204132506395,0.0224934919724768,-0.0271850787016769,0.0211081434757152,-0.0182015895051691,0.0191800160071006,63.8454424733745,23.7367241954597,21.9965366264144,22.9818500482228,21.9503214293259,63.7203014801023,22.1307795976441,23.4848089966643,22.1532351527919
34,0.00233577763421461,0.0487603946070395,9.92023404510231,19.2474420323714,0.982636223967794,10.3356139954797,18.7681346592836,0.983242690856221,-0.0411717747674336,0.0238295618030163,0.0206995890837051,0.0211007043588698,-0.0255233336026459,0.019935823248043,-0.017192629319064,0.0181167791598684,63.8480117313516,23.7326007124495,21.9968700272807,22.9816780847762,21.9533759620385,63.7174674147757,22.1329608780579,23.482736799631,22.1542983896391
35,0.00219884506146193,0.0488135761985227,9.92044736481247,19.2501214023593,0.982616881369749,10.3365095653545,18.7689671457491,0.983244400409122,-0.0387544986457137,0.0223789759901872,0.0195386380910912,0.0198035426619655,-0.023971905572318,0.0188203604902179,-0.016232219960862,0.0171047128684066,63.8504290074733,23.7287328505149,21.9971596621009,22.9815418740719,21.9562245517658,63.7148005239875,22.1350367501739,23.4807643239813,22.1553104559306
36,0.00206997205930351,0.0488667058444244,9.92065713108116,19.2526394703839,0.982598606911734,10.3374033437821,18.7698012623645,0.983246172011372,-0.0364800231630548,0.0210236148027936,0.018436206546489,0.0185938029963838,-0.022521917968414,0.0177606102575504,-0.0153194789532153,0.0161428850494583,63.8527034829559,23.7251030138449,21.9974125917437,22.9814345659509,21.9588842790352,63.7122907861509,22.1370092414142,23.4788897551547,22.1562722837495
37,0.0019486762877801,0.0489197829981903,9.92086189380306,19.2550064999618,0.982581348662547,10.3382953355193,18.7706370103661,0.983247989239732,-0.0343397554653873,0.0197559922862842,0.017390621493258,0.0174642426261334,-0.0211654630644413,0.0167550903175569,-0.0144532092154322,0.0152300325964587,63.8548437506536,23.7216951236307,21.997634629207,22.9813505906339,21.9613702943094,63.709928811307,22.138881031092,23.4771106329639,22.1571851362026
38,0.00183450638529096,0.0489728070734786,9.92106059537275,19.2572320021643,0.982565056300002,10.3391855434738,18.7714743898039,0.983249839750871,-0.0323256475847122,0.0185694156335005,0.0163999831022693,0.0164084351774927,-0.0198954617300993,0.0158020756065046,-0.0136319861740125,0.0143646530555931,63.8568578585343,23.7184944390972,21.9978305674688,22.9812854215762,21.9636961030924,63.7077057952616,22.1406552688445,23.4754240303816,22.1580505157434
39,0.00172703940668429,0.0490257774546737,9.92125249065753,19.2593248077234,0.982549681117993,10.3400739691662,18.7723133998347,0.983251714267469,-0.0304301570861848,0.017457872750374,0.0154622380341086,0.0154206505660994,-0.0187055469158078,0.0148996733853259,-0.012854226827955,0.0135450773156146,63.8587533490328,23.7154874057156,21.9980043652837,22.981235382033,21.9658738025181,63.7056134782261,22.1423354304117,23.4738266952956,22.1588700914834
40,0.00162587862126211,0.0490786935048581,9.92143708223318,19.2612931297141,0.982535176060678,10.3409606130761,18.7731540389435,0.98325360581628,-0.0286462113288965,0.0164159387021824,0.0145752374166606,0.0144957552277579,-0.0175899666323137,0.0140458827545848,-0.0121182442811762,0.0127695270051919,63.8605372947901,23.7126615259101,21.9981592987145,22.9811974873121,21.9679142781399,63.7036441073119,22.1439252035892,23.4723151624384,22.1596456417938
41,0.00153065158983098,0.0491315545718415,9.92161406802821,19.2631446183336,0.982521495764437,10.3418454749027,18.773996305109,0.983255509155543,-0.0269671749040649,0.0154386976375352,0.0137367823801861,0.0136291290374477,-0.0165435029158709,0.0132386415115011,-0.0114222905786956,0.0120361595814545,63.8622163312149,23.7100052484206,21.9982980847427,22.9811693161583,21.9698273680467,63.7017904023523,22.1454283985348,23.4708858413121,22.1603790092176
42,0.0014410084618359,0.0491843599927181,9.92178329905278,19.2648864090234,0.982508596596085,10.3427285537605,18.7748401959279,0.983257420344696,-0.0253868198767238,0.0145216774172199,0.0129446595452048,0.0128165959534777,-0.0155614039190909,0.0124758627786311,-0.0107645901378705,0.011343103520128,63.8637966862423,23.707507873173,21.998422982128,22.9811489059093,21.9716220001275,63.7000455246227,22.1468488777085,23.46953508481,22.1610720652789
43,0.00135662044930175,0.0492371090973128,9.92194474532041,19.2665251649649,0.982496436681045,10.3436098483265,18.7756857087092,0.983259336421011,-0.0238992985105242,0.0136607946868805,0.0121966684124975,0.0120543659586432,-0.0146393267953427,0.0117554633821982,-0.0101433656262543,0.010688485555345,63.8652842076085,23.7051594690764,21.9985358737256,22.9811346670471,21.973306307246,63.6984030481025,22.1481905016165,23.4682592423336,22.1617266832437
44,0.00127717844552618,0.0492898012107767,9.92209846842278,19.2680671148001,0.98248497591862,10.3444893569507,18.7765328405442,0.9832612551566,-0.022499118200206,0.0128523085487352,0.011490642239993,0.0113389863086866,-0.013773289473739,0.0110753855888071,-0.00955685778189557,0.0100704515431098,63.8666843879188,23.7029508026279,21.9986383336913,22.9811253135697,21.9748877242176,63.6968569329875,22.1494570872543,23.467054700477,22.1623447172559
45,0.00120239176454354,0.0493424356555496,9.92224459950432,19.2695180862794,0.982474175983605,10.3453670777391,18.7773815883595,0.983263174875798,-0.0211811183748216,0.01209278132599,0.0108244636943466,0.0106673004575071,-0.0129596297707104,0.0104336135083462,-0.00900334038489913,0.00948718222053966,63.8680023877442,23.7008732755798,21.9987316823684,22.9811198062642,21.9763730697718,63.695401501204,22.1506523767318,23.4659179137574,22.1629279865785
46,0.00113198698319297,0.0493950117528338,9.92238332161699,19.2708835364207,0.982464000314822,10.3462430086163,18.7782319489565,0.983265094317937,-0.0199404491671487,0.0113790451891639,0.0101960763225685,0.010036413322705,-0.0121949705682689,0.00982818522512456,-0.00848113135659701,0.00893690488846378,63.8692430569518,23.6989188702353,21.9988170311334,22.9811173065011,21.977768616109,63.6940314137184,22.1517800140433,23.4648454273971,22.1634782639105
47,0.001065706871832,0.049447528823707,9.92251485562565,19.2721685786671,0.982454414091847,10.3471171473724,18.7790839190417,0.983267012534215,-0.0187725516722652,0.0107081736377106,0.00960349269165966,0.00944366179578331,-0.0114761900201837,0.00925720151910959,-0.00798860077493089,0.00841790184743051,63.8704109544467,23.697080101189,21.998895319054,22.9811171386051,21.9790801481841,63.6927416494643,22.152843528331,23.4638338937744,22.1639972669516
48,0.00100330940279524,0.0494999861899568,9.92263944898932,19.2733780074452,0.982445384201581,10.3479894916978,18.7799374952491,0.9832689288102,-0.0176731396414293,0.0100774570129674,0.00904479988324911,0.0088865895983666,-0.010800395935606,0.00871883187587066,-0.00752417644251984,0.00792851625710775,63.8715103664776,23.6953499725334,21.9989673428703,22.9811187592161,21.980313014466,63.6915274857365,22.1538463223066,23.4628800838516,22.1644866525419
49,0.000944566827945407,0.0495523831747087,9.92275736686966,19.2745163204659,0.982436879196389,10.3488600392106,18.7807926741566,0.983270842607589,-0.0166381824772534,0.00948438136737309,0.00851816289925927,0.00836292574715911,-0.0101649036432146,0.0082113183509353,-0.0070863475208796,0.00746715595961226,63.8725453236417,23.6937219397236,21.9990337815319,22.9811217323489,21.9814721706096,63.6903844799191,22.1547916647532,23.4619808946325,22.1649480128394
50,0.000889264818305954,0.0496047191028969,9.92286888512051,19.275587739049,0.982428869245532,10.3497287874755,18.7816494522993,0.983272753520443,-0.0156638894126747,0.00892661013602936,0.0080218264279649,0.00787056602213804,-0.00956721676384897,0.00773297774601778,-0.0066736666446354,0.00703229570245558,63.8735196167063,23.6921898754277,21.999095216292,22.9811257090952,21.982562217214,63.6893084524348,22.1556826862343,23.4611333534991,22.1653828730966
51,0.000837201660007832,0.049656993301614,9.92297428479631,19.2765962267131,0.982421326081457,10.3505957340196,18.7825078261786,0.983274661242296,-0.0147466947706673,0.00840196815585331,0.00755411533308813,0.00740755694068559,-0.00900501042186832,0.00728220246652409,-0.00628475084894708,0.00662247811193354,63.8744368113483,23.6907480388055,21.9991521471772,22.9811304111086,21.9835874326374,63.6882954708134,22.1565223773095,23.4603346201129,22.1657926906871
52,0.000788187501695768,0.0497092051003741,9.92307384788455,19.2775455062327,0.982414222942376,10.3514608763432,18.7833677922698,0.98327656554144,-0.0138832442134351,0.00790842765806449,0.0071134341580241,0.0069720818284361,-0.00847611650847615,0.00685746035809945,-0.00591828157803639,0.00623631369901961,63.8753002619056,23.6893910477505,21.9992050065,22.9811356171714,21.9845518016631,63.6873418347916,22.1573135886889,23.4595819864291,22.1661788551
53,0.00074204364925955,0.0497613538313073,9.92316785402348,19.2784390753344,0.982407534512345,10.3523242119284,18.7842293470269,0.983278466242349,-0.0130703819004416,0.00744409592589644,0.00669826588003964,0.00656244865017946,-0.00797851067847885,0.00645729376181365,-0.00557300398994827,0.00587248012428189,63.8761131242186,23.6881138537053,21.9992541699541,22.9811411522711,21.9854590406714,63.6864440623653,22.1580590328732,23.4588728752663,22.1665426886747
54,0.000698601904290895,0.0498134388293031,9.92325657801081,19.2792802211781,0.982401236859908,10.3531857382453,18.7850924868873,0.983280363211726,-0.0123051384832039,0.00700720436310195,0.00630717010271614,0.00617707932312767,-0.00751030081731043,0.00608031798025994,-0.00524772572983859,0.00552972090324341,63.8768783676358,23.6869117187253,21.9992999657396,22.9811468787214,21.9863126198596,63.6855988767225,22.1587612869149,23.4582048377851,22.1668854478958
55,0.000657703943106188,0.0498654594321142,9.92334028794612,19.2800720337504,0.982395307376179,10.3540454527571,18.7859572082743,0.983282256348005,-0.0115847198725632,0.00659609876301756,0.00593878083719231,0.00581450028348373,-0.00706971676075436,0.00572521930849616,-0.00494131530953138,0.00520684369722955,63.8775987862464,23.6857801945146,21.9993426820742,22.9811526889473,21.9871157829558,63.6848031939942,22.159422796007,23.4575755501588,22.1672083251018
56,0.000619200733513478,0.0499174149804337,9.9234192438793,19.2808174182775,0.982389724713063,10.3549033529233,18.7868235075998,0.983284145573476,-0.0109064967205516,0.00620923060386384,0.0055918039921689,0.0054733341168029,-0.00665510108684516,0.00539075275264804,-0.00465270020310541,0.00490271830528282,63.8782770093984,23.6847151032034,21.9993825733883,22.9811584996256,21.9878715647964,63.6840541117644,22.1600458776692,23.4569828096604,22.1675124504937
57,0.00058295198678479,0.0499693048179491,9.92349369686177,19.2815191067508,0.982384468722214,10.3557594362029,18.7876913812658,0.983286030828359,-0.0102679945647144,0.00584514922557902,0.00526501466779687,0.00515229209530756,-0.00626490083000396,0.00507573953371848,-0.00438086474563638,0.00461627444889245,63.8789155115543,23.6837125196693,21.9994198654422,22.9811642469285,21.9885828070747,63.6833488982887,22.1606327263456,23.4564245303466,22.1677988943501
58,0.000548825642529341,0.0500211282913788,9.92356388831677,19.2821796686477,0.982379520395168,10.3566137000558,18.7885608256658,0.983287912066352,-0.00966688458765082,0.00550249476758773,0.00495725432864284,0.00485016749184896,-0.00589765999234619,0.00477906445386379,-0.0041248479040337,0.00434649942213567,63.8795166215313,23.6827687552342,21.9994547595611,22.9811698826642,21.9892521725158,63.6826849823712,22.1611854182671,23.4558987384782,22.1680686693769
59,0.000516697384355765,0.0500728847504983,9.92363004966125,19.2828015209181,0.982374861805011,10.3574661419448,18.7894318371858,0.983289789251283,-0.00910097494878907,0.00517999176679347,0.0046674279146295,0.00456582956215443,-0.00555201274763347,0.00449967318580208,-0.00388374097410993,0.00409243566424103,63.8800825311702,23.6818803425946,21.9994874361478,22.9811753711485,21.9898821576902,63.6820599438584,22.1617059164651,23.4554035677903,22.1683227331348
60,0.000486450184383946,0.050124573548156,9.92369240212474,19.2833869372996,0.982370476049839,10.3583167593366,18.7903044122051,0.983291662354603,-0.00856820264926349,0.00487644333146857,0.00439450093579222,0.00429821810504973,-0.00522667725026801,0.00423656953271201,-0.00365668524616774,0.00385317829910183,63.8806153034697,23.6810440218597,21.9995180576043,22.9811806866703,21.9904751046447,63.681471504708,22.1621960758461,23.4549372546973,22.1685619904999
61,0.00045797387481202,0.050176194040281,9.92375115672114,19.2839380570161,0.982366347198197,10.3591655497027,18.7911785470964,0.98329353135349,-0.00806662589401937,0.00459072581998851,0.00413749658628091,0.00404633852494108,-0.00492044997544403,0.00398881269536283,-0.00344286967192219,0.00362787267629807,63.881116880225,23.680256727593,21.9995467707663,22.9811858114396,21.9910332114996,63.6809175205958,22.1626576482577,23.4544981335003,22.1687872961227
62,0.000431164744874187,0.0502277455858872,9.92380651433825,19.2844568929101,0.982362460236633,10.3600125105201,18.7920542382269,0.983295396229431,-0.0075944169182287,0.00432178396458581,0.00389549290443341,0.00380925733317372,-0.00463220052817745,0.00375551457443811,-0.00324152855775972,0.00341571193995372,63.8815890892008,23.6795155767618,21.9995737089399,22.9811907339297,21.9915585421387,63.6803959730276,22.1630922874928,23.4540846316497,22.1689994568591
63,0.000405925161642494,0.0502792275470721,9.92385866591645,19.2849453390508,0.982358801019432,10.3608576392715,18.7929314819584,0.98329725696716,-0.00714985524776136,0.00406862638931576,0.00366761999911525,0.00358609803479508,-0.00436086686826325,0.00353583712923761,-0.00305193930334495,0.00321593464544713,63.8820336508712,23.6788178575161,21.9995989936098,22.9811954475367,21.992053035097,63.6799049619225,22.1635015541924,23.4536952651008,22.1691992341536
64,0.000382163213226069,0.050330639289015,9.92390779269386,19.2854051778594,0.982355356220583,10.3617009334462,18.7938102746471,0.983299113553848,-0.00673132136569255,0.00383032147903638,0.00345305735697266,0.00337603735555128,-0.00410545090608315,0.00332898980827294,-0.00287342019951133,0.00302782243864816,63.8824521847533,23.6781610187237,21.9996227358779,22.9811999494996,21.9925185117384,63.6794426986393,22.1638869206172,23.4533286337902,22.1693873463604
65,0.000359792373021483,0.0503819801799686,9.92395406649978,19.285838086785,0.982352113287974,10.3625423905397,18.7946906126445,0.983300965978507,-0.00633729075904751,0.00360599356243376,0.00325103124106452,0.00317830177076377,-0.00386501443063915,0.00313422706298488,-0.00270532829560556,0.00285069780838853,63.8828462153599,23.6775426602005,21.9996450376786,22.9812042400307,21.9929566837986,63.6790074994186,22.1642497752664,23.452983417256,22.1695644709906
66,0.000338731183752251,0.0504332495912535,9.92399765008199,19.2862456445643,0.982349060399804,10.3633820080547,18.795572492297,0.983302814231535,-0.00596632832180576,0.00339481937736712,0.00306081218783003,0.00299216430341112,-0.00363867533661983,0.00295084595221513,-0.00254705734323153,0.00268392191947694,63.8832171777972,23.6769605235782,21.9996659928105,22.9812083216166,21.99336916036,63.6785977792138,22.1645914273296,23.4526583704147,22.1697312468796
67,0.000318902960111747,0.0504844468972478,9.9240386974564,19.2866293370942,0.982346186423164,10.3642197835006,18.7964559099462,0.983304658304375,-0.00561708309186539,0.00319602479108618,0.00288171260663818,0.00281694156341218,-0.00342560412174232,0.00277818384227889,-0.00239803582090163,0.00252689253100252,63.8835664230271,23.676412483762,21.9996856878156,22.9812121984578,21.9937574543149,63.678212045889,22.1649131109618,23.4523523195039,22.169888276268
68,0.000300235508907763,0.050535571475379,9.9240773542701,19.2869905629433,0.982343480874751,10.3650557143939,18.7973408619292,0.983306498189259,-0.00528828330135419,0.00300888175156256,0.00271308448416772,0.00265199100402249,-0.00322502062944539,0.00261561620542314,-0.00225772504222443,0.00237904200269186,63.8838952228176,23.6758965409319,21.9997042027326,22.9812158760209,21.9941229883665,63.6778488947598,22.1652159893774,23.4520641581969,22.1700361267963
69,0.000282660865663645,0.0505866227061122,9.92411375817065,19.2873306385263,0.982340933883632,10.3658897982583,18.7982273445783,0.98330833387902,-0.00497873172094713,0.00283270544916294,0.00255431719405359,0.00249670837453705,-0.00303619101510662,0.00246255451758754,-0.00212561734865876,0.00223983539040054,63.884204774398,23.6754108130491,21.9997216117449,22.9812193606815,21.9944671006104,63.6775070034577,22.1655011587587,23.4517928438911,22.1701753334086
70,0.000266115046702804,0.0506375999729405,9.92414803917627,19.2876508029654,0.982338536156005,10.3667220326247,18.7991153542211,0.983310165366941,-0.00468730128022222,0.00266685167043028,0.00240483541112821,0.00235052535112481,-0.00285842491660017,0.00231844425523172,-0.00200123438677282,0.00210876863067107,63.8844962048388,23.6749535288297,21.9997379837407,22.981222659441,21.9947910497323,63.6771851270968,22.165769651983,23.4515373941695,22.1703064001683
71,0.000250537815799469,0.0506885026623718,9.9241803200425,19.2879522226561,0.982336278941859,10.3675524150313,18.800004887181,0.983311992646654,-0.00441293094728784,0.0025107143279767,0.00226409712848854,0.00221290733005886,-0.00269107281233867,0.00218276298985058,-0.00188412546899017,0.00198536681328117,63.8847705751717,23.6745230211543,21.9997533828005,22.9812257797026,21.9950960198576,63.6768820937272,22.1660224421662,23.4512968834343,22.1704298019857
72,0.00023587246453547,0.0507393301639195,9.92421071662238,19.2882359955593,0.982334154003482,10.3683809430238,18.8008959397766,0.98331381571205,-0.0041546218519865,0.00236372315223993,0.00213159177499852,0.00208335136940049,-0.00253352355176625,0.00205501857814536,-0.00177386601617551,0.00186918254004448,63.885028884267,23.6741177208832,21.9997678686228,22.9812287290954,21.9953831250789,63.6765968000549,22.1662604460307,23.4510704397082,22.170545986259
73,0.000222065605551923,0.0507900818700891,9.92423933821759,19.2885031552359,0.982332153585705,10.369207614155,18.8017885083223,0.983315634557225,-0.00391143363794938,0.0022253415324383,0.00200683843023482,0.00196138426686002,-0.00238520204492028,0.00193474744518498,-0.00167005607984692,0.00175979436752956,63.885272072481,23.6737361510494,21.9997814968978,22.9812315153376,21.9956534136882,63.6763282074151,22.1664845271,23.4508572415994,22.1706553744315
74,0.000209066977937436,0.0508407571763669,9.92426628791891,19.2887546746389,0.982330270387825,10.3700324259853,18.8026825891279,0.983317449176432,-0.00368248102983398,0.00209506449537967,0.00188938413360525,0.00184656076296753,-0.00224556709906137,0.00182151295758274,-0.00157231894157706,0.00165680533112613,63.8855010250891,23.6733769214042,21.9997943196382,22.9812341461304,21.995907872138,63.6760753379816,22.1666954987258,23.4506565154247,22.1707583634679
75,0.000196829264036265,0.0508913554812076,9.92429166293472,19.2889914696813,0.982328497537109,10.3708553760825,18.8035781784988,0.983319259564042,-0.00346693060280265,0.00197241681196913,0.00177880228400314,0.00173846185984339,-0.00211410939161279,0.00171490388332752,-0.00148029978670669,0.00155984154742666,63.8857165755162,23.6730387232938,21.999806385472,22.9812366290768,21.9961474287486,63.6758372711999,22.166894126955,23.4504675324861,22.1708553272516
76,0.000185307917004441,0.0509418761860226,9.92431555490692,19.2892144025897,0.982326828563807,10.3716764620218,18.8044752727361,0.983321065714526,-0.00326399774220541,0.00185695122219396,0.00167469112630378,0.00163669324687133,-0.00199034956963109,0.00161453293482632,-0.00139366444949235,0.00146855089188885,63.8859195083768,23.6727203248434,21.9998177399041,22.9812389716215,21.9963729571835,63.6756131404294,22.1670811332407,23.4502896064934,22.1709466179071
77,0.000174460998480338,0.0509923186951684,9.92433805021355,19.2894242850601,0.982325257377599,10.3724956813858,18.8053738681364,0.983322867622428,-0.00307294378211145,0.00174824677023158,0.00157667232089214,0.00154088382541844,-0.0018738364669384,0.00152003539158096,-0.0013120982266393,0.00138260174856511,63.8861105623369,23.6724205664314,21.9998284255507,22.9812411810055,21.9965852797077,63.6754021297835,22.1672571970068,23.4501220911272,22.1710325670504
78,0.000164249025776639,0.0510426824159332,9.92435923025808,19.2896218812266,0.982323778245392,10.3733130317647,18.8062739609922,0.983324665282353,-0.00289307331210847,0.00164590724209706,0.00148438959243036,0.00145068432554067,-0.00176414543085792,0.00143106779892163,-0.00123530475619157,0.00130168182870719,63.8862904328069,23.6721383564332,21.9998384823503,22.9812432642341,21.9967851702436,63.6752034711548,22.1674229580699,23.4499643777369,22.1711134869703
79,0.000154634828030855,0.0510929667585261,9.92437917174527,19.2898079104537,0.9823223857704,10.3741285107562,18.8071755475915,0.983326458688958,-0.00272373164232169,0.00154955969889943,0.00139750745400928,0.00136576600824151,-0.00166087675117856,0.00134730673914269,-0.00116300495864136,0.00122549705493919,63.8864597744767,23.6718726672202,21.9998479477551,22.9812452280552,21.9969733572406,63.6750164414153,22.1675790189272,23.4498158931656,22.1711896717441
80,0.000145583410792264,0.0511431711360643,9.92439794694376,19.2899830499641,0.982321074872438,10.3749421159652,18.8080786242179,0.983328247836943,-0.00256430241737433,0.00145885309935472,0.00131571000303559,0.00128581944743886,-0.00156365418458794,0.00126844767157588,-0.0010949360373206,0.00115377050790275,63.8866192037016,23.6716225313957,21.9998568569037,22.9812470789454,21.997150526368,63.6748403597811,22.1677259469161,23.4496760976972,22.1712613982911
81,0.000137061828544014,0.0511932949645617,9.92441562393562,19.2901479373118,0.982319840769359,10.3757538450045,18.8089831871509,0.983330032721041,-0.00241420537038658,0.00137345700564234,0.00123869978517553,0.00121055338622217,-0.00147212356827329,0.00119420383809632,-0.00103085053508092,0.00108624143221927,63.8867693007486,23.671387038255,21.9998652427795,22.981248823102,21.9973173230455,63.6746745853313,22.1678642762518,23.4495444831193,22.1713289273668
82,0.0001290390647002,0.051243337662916,9.92443226685317,19.2903031727085,0.982318678959572,10.3765636954942,18.8098892326656,0.983331813336019,-0.00227289420883129,0.0012930603673409,0.00116619672281686,0.00113969366259033,-0.00138595151707592,0.00112430523068228,-0.000970515444346181,0.00102266429869654,63.8869106119102,23.6711653304552,21.9998731363555,22.9812504664407,21.9974743548204,63.6745185146727,22.16799450995,23.449420570895,22.1713925045003
83,0.000121485918634417,0.0512932986528976,9.9244479361035,19.2904493212136,0.982317585205578,10.3773716650619,18.810796757033,0.983333589676669,-0.00213985462440467,0.00121737037833005,0.00109793710468267,0.00107298220003321,-0.00130482419874679,0.00105849761781352,-0.000913711367813758,0.000962807919908545,63.8870436514946,23.6709566008817,21.9998805667264,22.9812520145963,21.9976221936012,63.6743715797415,22.1681171216394,23.4493039104398,22.1714523608791
84,0.000114374899329397,0.051343177359137,9.92446268858107,19.2905869147952,0.982316555518474,10.3781777513428,18.8117057565196,0.983335361737811,-0.00201460241963811,0.00114611140213456,0.00103367263327954,0.0010101760588648,-0.00122844618247203,0.000996541626530076,-0.000860231727064588,0.000906454616261188,63.8871689036994,23.6707600897008,21.9998875612311,22.9812534729266,21.9977613777587,63.674233245734,22.1682325572714,23.4491940774954,22.1715087141827
85,0.000107680125258935,0.0513929732091138,9.92447657786894,19.2907164542698,0.982315586143358,10.3789819519795,18.8126162273879,0.983337129514284,-0.00189668174436333,0.00107902396138498,0.000973169527076327,0.000951046544392921,-0.00115653935605015,0.000938211877179737,-0.000809882016528206,0.000853399429852698,63.8872868243746,23.6705750815848,21.9998941455657,22.9812548465183,21.9978924140996,63.6741030091582,22.1683412367313,23.4490906725984,22.1715617693692
86,0.000101377230135974,0.0514426856331439,9.92448965442901,19.2908384111279,0.982314673545592,10.3797842646225,18.8135281658961,0.983338893000954,-0.00178566343558023,0.0010158637874576,0.000916207674362629,0.000895378368413149,-0.0010888419075123,0.000883296167924664,-0.000762479100305988,0.00080344938349709,63.8873978426834,23.6704009031021,21.9999003438869,22.9812561401951,21.9980157797241,63.6739803960004,22.1684435553568,23.4489933196358,22.1716117194155
87,9.54432741819826e-05,0.0514923140643679,9.92450196578179,19.2909532292527,0.982313814397867,10.3805846869293,18.8144415682981,0.983340652192702,-0.00168114345461591,0.000956400926537602,0.0008625798359559,0.000842968860635667,-0.00102510736717216,0.000831594706292545,-0.000717850549507422,0.000756422782439543,63.8875023626644,23.6702369202602,21.9999061789094,22.9812573585257,21.9981319237722,63.6738649599984,22.1685398853692,23.448901664484,22.1716587460166
88,8.98566605967235e-05,0.0515418579387401,9.92451355667623,19.2910613265374,0.982313005568034,10.3813832165655,18.8153564308439,0.983342407084433,-0.0015827414159134,0.000900418898694983,0.000812090894043182,0.000793627227001725,-0.000965103706458755,0.000782919385164698,-0.000675834017863423,0.000712148556407255,63.8876007647031,23.6700825361936,21.9999116719954,22.981258505834,21.9982412690666,63.6737562810166,22.168630577222,23.4488153737263,22.1717030202426
89,8.45970569187314e-05,0.0515913166950162,9.92452446925004,19.2911630964078,0.98231224410764,10.3821798512039,18.8162727497789,0.983344157671068,-0.00149009920199503,0.000847713906720739,0.000764557144502762,0.0007471738519994,-0.000908612490051884,0.000737093100648262,-0.000636276653431229,0.000670465639692503,63.887693406917,23.6699371889877,21.9999168432378,22.9812595862085,21.998344213658,63.6736539635156,22.1687159608709,23.4487341334452,22.1717447031593
90,7.9645320994024e-05,0.0516406897747414,9.92453474318098,19.2912589092557,0.982311527241144,10.3829745885249,18.8171905213448,0.983345903947549,-0.00140287965959572,0.000798094091724982,0.000719805630311151,0.000703439642283526,-0.000855428078113936,0.000693949109532573,-0.000599034544395598,0.000631222387165612,63.8877806264594,23.6698003496303,21.9999217115386,22.981260603513,21.9984411322796,63.6735576351126,22.1687963469711,23.4486576480836,22.1717839464118
91,7.49834312816284e-05,0.0516899766222399,9.92454441582959,19.291349113788,0.982310852355768,10.3837674262167,18.8181097417789,0.983347645908834,-0.00132076537219957,0.000751378832678136,0.000677673513679134,0.000662265409113609,-0.00080535687560079,0.000653330424061703,-0.000563972197036218,0.000594276024183486,63.8878627407468,23.6696715200839,21.999926294681,22.9812615613964,21.9985323777153,63.6734669452246,22.1688720280039,23.4485856393732,22.1718208927748
92,7.0594421239871e-05,0.0517391766846018,9.9245535223738,19.2914340382968,0.982310216991936,10.3845583619748,18.8190304073143,0.9833493835499,-0.00124345750445235,0.000707398087244164,0.000638007484683195,0.000623501287243755,-0.000758216625813961,0.000615089241874275,-0.000530962043998393,0.000559492128430798,63.8879400486145,23.6695502314707,21.9999306093974,22.9812624633036,21.9986182820869,63.6733815637927,22.1689432793391,23.4485178453244,22.1718556766706
93,6.64623175568394e-05,0.0517882894116733,9.92456209593591,19.2915139918549,0.982309618834282,10.3853473935025,18.8199525141803,0.983351116865742,-0.00117067471429048,0.000665991771462074,0.000600663204324921,0.000587006188107402,-0.000713835745577838,0.000579086409120144,-0.000499883981166768,0.000526744141901902,63.8880128314047,23.6694360423648,21.9999346714329,22.9812633124848,21.9986991580663,63.6733011800797,22.1690103602347,23.4484540192751,22.1718884246571
94,6.25720819977539e-05,0.0518373142560437,9.92457016770219,19.2915892654412,0.982309055703186,10.3861345185106,18.8208760586018,0.983352845851373,-0.00110215212876054,0.000627009175915799,0.00056550478004194,0.000552647285182522,-0.00067205269951599,0.000545190914853241,-0.000470624931487034,0.000495912911279746,63.8880813539902,23.6693285371837,21.9999384956041,22.9812641120061,21.9987753000153,63.6732255015393,22.1690735147787,23.4483939289948,22.1719192558877
95,5.89095566589236e-05,0.051886250673036,9.92457776703566,19.2916601330004,0.982308525546805,10.3869197347174,18.8218010367998,0.983354570501822,-0.00103764037984953,0.000590308416240857,0.000532404271813931,0.000520299529657926,-0.000632715411122404,0.000513279414911458,-0.000443078434223537,0.000466886255117813,63.8881458657391,23.6692273246751,21.9999420958556,22.9812648647588,21.9988469850592,63.673154252751,22.1691329727759,23.4483373558414,22.1719482825439
96,5.54614124266106e-05,0.0519350981206931,9.92458492158245,19.2917268524406,0.982308026433573,10.3877030398491,18.8227274449912,0.983356290812136,-0.000976904696753484,0.000555755915959316,0.000501241227027427,0.000489845194613249,-0.000595680708474246,0.000483235783513707,-0.000417144258101895,0.000439558556191333,63.8882066014222,23.6691320364917,21.9999454853111,22.9812655734686,21.9989144740969,63.6730871744169,22.1691889505834,23.4482840939663,22.1719756102428
97,5.22151004547596e-05,0.0519838560597681,9.92459165737184,19.2917896665718,0.982307556545143,10.3884844316391,18.8236552793887,0.983358006777382,-0.000919724051319498,0.000523225919652968,0.000471902242539937,0.00046117344595108,-0.000560813802458531,0.000454950691075546,-0.000392728037071902,0.000413830377684479,63.8882637820677,23.66904232585,21.9999486763229,22.9812662407044,21.9989780127516,63.6730240224185,22.1692416518968,23.4482339495668,22.1720013384213
98,4.91588064850077e-05,0.0520325239537131,9.92459799891073,19.2918488039904,0.982307114169745,10.3892639078288,18.8245845362013,0.98335971839264,-0.000865890353526147,0.000492600034782985,0.000444280552270699,0.00043417993857834,-0.00052798779569602,0.000428321206628649,-0.000369740927260344,0.00038960810170709,63.8883176157655,23.6689578662673,21.9999516805175,22.9812668688873,21.9990378322658,63.6729645669273,22.1692912684911,23.448186740181,22.1720255606973
99,4.6281407840423e-05,0.0520811012686676,9.92460396927241,19.291904479911,0.98230669769593,10.3900414661669,18.8255152116337,0.983361425653011,-0.000815207694078255,0.000463766800335965,0.000418275638924522,0.0004087664362557,-0.000497083220217289,0.000403250423504036,-0.000348099284021973,0.000366803588989131,63.8883682984249,23.6688783503734,21.9999545088386,22.9812674602983,21.9990941503436,63.6729085915687,22.1693379809175,23.448142294025,22.17204836521
100,4.35724329381965e-05,0.0521295874734472,9.92460959018036,19.2919568969502,0.982306305606686,10.3908171044101,18.8264473018866,0.983363128553611,-0.000767491631336824,0.000436621280818908,0.000393792868374842,0.000384840453773416,-0.00046798760230401,0.00037964710685763,-0.000327724357795154,0.000345333858391307,63.8884160144877,23.6688034887912,21.9999571715876,22.9812680170864,21.9991471719439,63.6728558926341,22.1693819591603,23.4481004493682,22.1720698349406
101,4.10220231722246e-05,0.0521779820395341,9.92461488208711,19.2920062458638,0.982305936473899,10.3915908203223,18.8273808031568,0.983364827089574,-0.000722568520000025,0.00041106468408823,0.000370743145382686,0.000362314920154673,-0.000440595052872798,0.000357425361761185,-0.000308542007707346,0.000325120785119312,63.888460937599,23.6687330090831,21.9999596784613,22.9812685412758,21.999197090027,63.6728062783396,22.1694233632555,23.4480610539448,22.1720900480139
102,3.86208970284936e-05,0.0522262844410633,9.92461986424849,19.2920527062416,0.982305588953134,10.3923626116753,18.8283157116372,0.983366521256053,-0.000680274879104902,0.000387004001530245,0.000349042589515862,0.000341107861548459,-0.000414805881817161,0.000336504320769215,-0.000290482431986942,0.000306090816647601,63.8885032312399,23.6686666547596,21.999962038588,22.981269034773,21.9992440862567,63.6727595681275,22.1694623438722,23.4480239644007,22.1721090779824
103,3.63603163018953e-05,0.0522744941548145,9.92462455479356,19.2920964471607,0.982305261778735,10.3931324762486,18.8292520235167,0.983368211048216,-0.000640456797029894,0.000364351669387889,0.000328612229973782,0.000321142102760754,-0.000390526235010945,0.000316807849709291,-0.000273479914079697,0.000288174705192162,63.888543049322,23.6686041843454,21.9999642605606,22.9812694993738,21.9992883316622,63.6727155920097,22.1694990428612,23.4479890457713,22.1721269940938
104,3.42320542885759e-05,0.0523226106601996,9.92462897079056,19.2921376278011,0.982304953759198,10.3939004118291,18.83018973498,0.983369896461248,-0.000602969371293346,0.000343025249912143,0.000309377718238781,0.000302344986262305,-0.000367667752559408,0.000298264270657322,-0.000257472583594721,0.00027130725580978,63.8885805367477,23.6685453705002,21.9999663524683,22.981269936769,21.9993299872612,63.6726741899482,22.1695335937708,23.4479561709914,22.1721438615432
105,3.22283658450318e-05,0.0523706334392523,9.92463312830886,19.2921763980252,0.982304663772825,10.3946664162117,18.8311288422082,0.983371577490354,-0.000567676181225693,0.000322947131223446,0.000291269057593868,0.000284648107681024,-0.000346147247104194,0.000280806101173585,-0.000242402191278723,0.000255427089279506,63.8886158299378,23.6684899991915,21.9999683219264,22.9812703485511,21.9993692046452,63.6726352112732,22.1695661223326,23.4479252204326,22.1721597417098
106,3.03419591957474e-05,0.0524185619766163,9.92463704247743,19.2922128989232,0.982304390763635,10.3954304871986,18.8320693413783,0.983373254130755,-0.000534448791439568,0.00030404424474671,0.000274220348392991,0.000267987066790544,-0.000325886400962115,0.000264369808723219,-0.000228213897090113,0.000240476418788043,63.8886490573275,23.6684378689152,21.9999701761036,22.9812707362194,21.9994061265323,63.6725985141347,22.1695967469192,23.4478960814679,22.1721746923802
107,2.85659693933067e-05,0.0524663957595371,9.92464072753986,19.2922472633262,0.982304133737502,10.3961926225999,18.8330112286636,0.983374926377689,-0.000503166284394156,0.00028624779918825,0.000258169548280877,0.000252301233064344,-0.000306811480994872,0.000248895579510642,-0.000214856070704193,0.000226400839714402,63.8886803398346,23.6683887899626,21.9999719217491,22.9812711011858,21.9994408872859,63.6725639649855,22.1696255789748,23.4478686480624,22.1721887679593
108,2.68939333331421e-05,0.052514134277849,9.92464419690607,19.2922796162905,0.982303891758539,10.3969528202333,18.8339545002332,0.983376594226412,-0.000473714820338935,0.000269493030108312,0.000243058246446275,0.000237533524974464,-0.000288853070193968,0.000234327100842744,-0.000202280103690075,0.000213149131713591,63.8887097912987,23.6683425837295,21.9999735652164,22.9812714447795,21.9994736134048,63.672531438096,22.1696527234204,23.4478428203874,22.1722020196673
109,2.53197662301539e-05,0.0525617770239652,9.92464746320119,19.2923100755521,0.982303663945678,10.3977110779242,18.8348991522527,0.983378257672195,-0.000445987223016399,0.000253718964198008,0.000228831451034413,0.000223630202268038,-0.00027194581502405,0.000220611356175705,-0.000190440232639602,0.000200673072340722,63.888737518896,23.6682990820662,21.9999751124868,22.9812717682522,21.9995044239827,63.6725008150962,22.1696782790362,23.447818504457,22.1722144957267
110,2.3837739471993e-05,0.0526093234928679,9.9246505383114,19.2923387519551,0.982303449469457,10.3984673935057,18.8358451808835,0.98337991671033,-0.000419882589587371,0.000238868197279149,0.000215437389068353,0.000210540670303537,-0.000256028187477938,0.000207698432225811,-0.000179293372691254,0.00018892726162903,63.8887636235294,23.6682581266659,21.9999765691918,22.9812720727822,21.9995334311423,63.6724719845447,22.1697023388201,23.4477956117863,22.1722262415374
111,2.24424597697709e-05,0.0526567731820962,9.9246534334272,19.292365749856,0.982303247548999,10.3992217648184,18.8367925822833,0.983381571336125,-0.000395305923425896,0.000224886685394938,0.000202827318011045,0.000198217295954566,-0.000241042261159175,0.000195541337298092,-0.000168798960744046,0.00017786895687845,63.8887882001956,23.6682195684878,21.9999779406326,22.9812723594789,21.9995607404429,63.6724448415234,22.1697249903269,23.4477740590696,22.1722372998421
112,2.11288495288101e-05,0.0527041255917375,9.9246561590841,19.2923911675023,0.982303057449159,10.399974189711,18.8377413526062,0.983383221544905,-0.000372167788390733,0.000211723548081366,0.000190955348395643,0.000186615234230345,-0.000226933500422183,0.000184095830288254,-0.000158918807876234,0.000167457917143757,63.8888113383306,23.6681832672155,21.9999792318003,22.9812726293868,21.9995864512654,63.6724192872557,22.1697463159868,23.4477537678771,22.1722477108819
113,1.98921283699492e-05,0.0527513802244158,9.92465872520099,19.292415097391,0.98230287847785,10.4007246660395,18.838691488002,0.983384867332012,-0.000350383983362345,0.000199330883175581,0.00017977827684667,0.000175692265065557,-0.000213650561877855,0.000173320259701878,-0.000149616960409693,0.000157656256832981,63.8888331221356,23.6681490907455,21.9999804473937,22.9812728834892,21.9996106571731,63.6723952287465,22.1697663934049,23.4477346643692,22.1722575125422
114,1.87277957294287e-05,0.0527985365852822,9.92466114111615,19.2924376266049,0.982302709983516,10.4014731916678,18.8396429846173,0.983386508692807,-0.000329875235774182,0.000187663592457258,0.000169255428824652,0.000165408639658444,-0.000201145107509291,0.000163175412046939,-0.000140859569058206,0.000148428307824242,63.8888536308832,23.6681169147072,21.9999815918364,22.9812731227118,21.9996334462528,63.6723725784445,22.1697852956439,23.4477166790289,22.1722667404912
115,1.76316144813388e-05,0.052845594182004,9.92466341562133,19.2924588371294,0.982302551352758,10.4022197644675,18.8405958385943,0.983388145622666,-0.0003105669131535,0.000176679217527388,0.000159348510621058,0.000155726935828886,-0.000189371628760782,0.000153624369144839,-0.00013261476577348,0.000139740489693972,63.8888729392058,23.6680866220097,21.9999826692931,22.9812733479262,21.9996549014354,63.6723512539229,22.1698030914901,23.4476997464075,22.1722754283093
116,1.65995955158722e-05,0.0528925525247553,9.92466555699366,19.292478806151,0.982302402008099,10.4029643823179,18.841550046072,0.983389778116984,-0.000292388751500887,0.000166337785262094,0.000150021469994326,0.000146611921818416,-0.000178287280889803,0.000144632373772086,-0.000124852547786072,0.000131561187526555,63.8888911173675,23.6680581024158,21.9999836836847,22.9812735599528,21.9996751007973,63.6723311775796,22.1698198457034,23.4476838048873,22.1722836076115
117,1.56279832218995e-05,0.0529394111262052,9.92466757302576,19.2924976063384,0.982302261405879,10.4037070431061,18.8425056031853,0.983391406171175,-0.000275274599592869,0.000156601662326276,0.000141240364980281,0.000138030428069817,-0.000167851727029747,0.000136166703183114,-0.000117544668443573,0.000123860636886598,63.8889082315194,23.6680312521409,21.9999846387027,22.9812737595641,21.9996941178449,63.6723122763552,22.1698356192534,23.4476687964573,22.1722913081622
118,1.47132418192484e-05,0.0529861695015093,9.92466947105418,19.2925153061064,0.982302129034272,10.4044477447266,18.8434625060654,0.983393029780667,-0.000259162178244492,0.000147435418227772,0.000132973240356366,0.000129951226531751,-0.000158026991405564,0.000128196550011187,-0.000110664534407142,0.000116610815491417,63.8889243439407,23.6680059734755,21.9999855378221,22.9812739474872,21.9997120217821,63.6722944814664,22.1698504695406,23.4476546665019,22.1722985579835
119,1.38520424896394e-05,0.0530328271682989,9.92467125798601,19.2925319698657,0.982302004411425,10.4051864850821,18.8444207508399,0.983394648940909,-0.000243992853646058,0.000138805696353291,0.000125190011344781,0.000122344917001577,-0.000148777321105515,0.000120692910148778,-0.000104187108882671,0.000109785341242211,63.8889395132653,23.667982174429,21.999986384315,22.9812741244066,21.9997288777619,63.6722777281562,22.169864450606,23.4476413636022,22.1723053834578
120,1.30412512632758e-05,0.0530793836466713,9.92467294032407,19.2925476582563,0.982301887083699,10.4059232620827,18.8453803336327,0.983396263647364,-0.000229711424008688,0.00013068109258354,0.000117862354138053,0.000115183820148252,-0.000140069055976291,0.000113628477205057,-9.80888205271223e-05,0.000103359376235398,63.888953794695,23.6679597683956,21.9999871812616,22.981274290967,21.9997447471239,63.6722619554581,22.1698776133272,23.4476288393488,22.1723118094228
121,1.22779176124812e-05,0.0531258384591796,9.92467452419052,19.2925624283693,0.982301776624018,10.4066580736465,18.8463412505639,0.983397873895516,-0.000216265918653266,0.000123032040974167,0.000110963602832238,0.000108441876750032,-0.000131870506092308,0.000106977543142219,-9.23474776795924e-05,9.73095363849821e-05,63.8889672402003,23.6679386738386,21.9999879315619,22.9812744477749,21.9997596876172,63.6722471059742,22.1698900056042,23.4476170481661,22.1723178592626
122,1.1559263714401e-05,0.0531721911308227,9.9246760153492,19.2925763339537,0.982301672630312,10.4073909176991,18.8473034977499,0.983399479680864,-0.000203607408896583,0.000115830706200864,0.000104468652350472,0.000102094552914766,-0.000124151836472607,0.000100715904683765,-8.69421875805279e-05,9.16138063009799e-05,63.8889798987101,23.6679188139941,21.9999886379462,22.9812745954016,21.9997737536106,63.6722331256661,22.1699016725327,23.4476059471459,22.1723235549927
123,1.08826743414681e-05,0.0532184411890359,9.92467741922656,19.2925894256125,0.982301574724052,10.4081217921739,18.8482670713037,0.983401080998926,-0.000191689829987283,0.000109050882215621,9.83538671157382e-05,9.61187507554172e-05,-0.000116884958458457,9.48207752693069e-05,-8.18532803805965e-05,8.62514592148271e-05,63.888991816289,23.6679001165912,21.9999893029849,22.9812747343846,21.9997869962908,63.6722199636587,22.1699126565693,23.4475954958916,22.1723289173398
124,1.02456873444751e-05,0.0532645881636807,9.92467874093142,19.2926017509869,0.982301482548873,10.4088506950123,18.8492319673344,0.983402677845236,-0.000180469813471196,0.000102667896915808,9.25969950070055e-05,9.04927243680675e-05,-0.000110043427532506,8.92707021001829e-05,-7.70622375250998e-05,8.12029815158305e-05,63.8890030363055,23.6678825135894,21.9999899290981,22.9812748652304,21.9997994638481,63.6722075720546,22.1699229976854,23.4475856563711,22.1723339658175
125,9.64598469173564e-06,0.0533106315870342,9.92467998527359,19.2926133549293,0.982301395769275,10.4095776241632,18.8501981819476,0.983404270215346,-0.000169906529368906,9.66585223233798e-05,8.71770864023297e-05,8.51960006736315e-05,-0.000103602347046648,8.4045488091116e-05,-7.25516243998929e-05,7.64500017775628e-05,63.8890135995896,23.6678659409307,21.9999905185641,22.9812749884153,21.9998112016523,63.6721959057601,22.1699327335125,23.4475763927782,22.1723387187972
126,9.08138403291282e-06,0.053356570993782,9.9246811567813,19.2926242796669,0.982301314069402,10.4103025775834,18.8511657112451,0.983405858104828,-0.00015996153758037,9.10008900552196e-05,8.20744179301573e-05,8.02093049144165e-05,-9.75382776196232e-05,7.9126118360232e-05,-6.83050268750291e-05,7.19752238918287e-05,63.8890235445814,23.6678503383066,21.9999910735279,22.981275104388,21.9998222524175,63.6721849223209,22.1699418994798,23.4475676714028,22.1723431935751
127,8.54983075797705e-06,0.053402405921006,9.92468225971778,19.2926345649553,0.982301237151887,10.4110255532374,18.8521345513254,0.983407441509268,-0.000150598648016463,8.56744117681763e-05,7.72704206832217e-05,7.55144905427723e-05,-9.18291518661421e-05,7.44946910205083e-05,-6.43069915659703e-05,6.77623641198613e-05,63.889032907471,23.6678356489388,21.9999915960089,22.9812752135709,21.9998326563576,63.6721745817678,22.1699505289424,23.4475594605077,22.1723474064349
128,8.04939051902672e-06,0.0534481359081756,9.92468329809668,19.2926442482228,0.982301164736776,10.4117465490975,18.8531046982832,0.983409020424271,-0.000141783788876151,8.06597042051531e-05,7.27476126506782e-05,7.10944731525983e-05,-8.64541940591575e-05,7.01343520399053e-05,-6.05429696038378e-05,6.37960918411729e-05,63.8890417223301,23.6678218193721,21.9999920879085,22.9812753163615,21.9998424513328,63.6721648464711,22.1699586533034,23.4475517302134,22.1723513727072
129,7.57824219210616e-06,0.0534937604971389,9.92468427569674,19.2926533647073,0.982301096560504,10.4124655631438,18.8540761482098,0.983410594845461,-0.000133484882684597,7.59385186770694e-05,6.84895351018899e-05,6.69331683349253e-05,-8.13938445455758e-05,6.60292339094983e-05,-5.69992637010518e-05,6.00619737746976e-05,63.8890500212363,23.6678087992804,21.9999925510164,22.9812754131342,21.9998516729871,63.6721556810034,22.1699663021274,23.4475444523895,22.1723551068252
130,7.13467124820307e-06,0.053539279232112,9.9246851960755,19.2926619475839,0.982301032374938,10.4131825933643,18.8550488971926,0.983412164768477,-0.000125671729525391,7.14936746236724e-05,6.44806926876695e-05,6.30154331128099e-05,-7.66296885346881e-05,6.21643978971163e-05,-5.36629783005471e-05,5.6546421449435e-05,63.8890578343895,23.6677965412832,21.9999929870181,22.9812755042414,21.9998603548784,63.6721470520114,22.1699735032488,23.4475376005518,22.1723586223776
131,6.71706351491069e-06,0.0535846916596704,9.92468606258229,19.2926700280858,0.982300971946468,10.4138976377546,18.856022941316,0.983413730188979,-0.000118315897168101,6.73089971268868e-05,6.07064970370183e-05,5.93270108791264e-05,-7.21443891215336e-05,5.85257796685674e-05,-5.05219726424065e-05,5.32366417490598e-05,63.8890651902218,23.6677850007733,21.9999933974999,22.9812755900148,21.9998685286,63.6721389280938,22.1699802828727,23.4475311497664,22.1723619321572
132,6.32389930256369e-06,0.0536299973287401,9.92468687837037,19.2926776356183,0.982300915055164,10.4146106943181,18.8569982766604,0.98341529110264,-0.000111390617597408,6.33692580283149e-05,5.71532136925409e-05,5.58544794864176e-05,-6.79216241752996e-05,5.51001381306115e-05,-4.75648165979663e-05,5.01205903729875e-05,63.8890721155014,23.6677741357546,21.9999937839557,22.9812756707668,21.9998762238964,63.6721312796873,22.1699866656703,23.447525076559,22.1723650482087
133,5.95374787244086e-06,0.0536751957905864,9.92468764640844,19.2926847978653,0.982300861493969,10.4153217610663,18.857974899303,0.983416847505155,-0.000104870689587575,5.96601205075078e-05,5.38079121072532e-05,5.25852024111971e-05,-6.39460269357941e-05,5.18750072229102e-05,-4.47807490670675e-05,4.71869279979493e-05,63.8890786354294,23.6677639066891,21.9999941477916,22.9812757467913,21.9998834687707,63.6721240789591,22.1699926748687,23.4475193588291,22.172367981871
134,5.6052622310647e-06,0.0537202865988066,9.92468836949145,19.2926915408903,0.98230081106795,10.4160308360181,18.8589528053174,0.983418399392234,-9.87323869985507e-05,5.61680869192723e-05,5.0658418594985e-05,4.95072827682873e-05,-6.02031301033387e-05,4.88386505589727e-05,-4.21596388117474e-05,4.4424979007398e-05,63.889084773732,23.6677542763529,21.9999944903317,22.9812758183652,21.9998902895871,63.6721172997056,22.1699983323356,23.4475139757698,22.17237074382
135,5.27717422790001e-06,0.0537652693093194,9.92468905025071,19.2926978892316,0.982300763593583,10.4167379172005,18.8599319907736,0.983419946759606,-9.29533724374086e-05,5.28804496664946e-05,4.76932720291149e-05,4.66095200201456e-05,-5.66793131825528e-05,4.59800187158404e-05,-3.96919475998594e-05,4.18246926544756e-05,63.8890905527465,23.6677452097011,21.9999948128224,22.981275885749,21.9998967111668,63.6721109172569,22.1700036586587,23.4475089077922,22.1723733441064
136,4.96828994120794e-06,0.0538101434803578,9.92468969116356,19.2927038659906,0.982300718898089,10.4174430026483,18.8609124517384,0.983421489603017,-8.75126159818891e-05,4.97852449620583e-05,4.49016821428768e-05,4.38813692200526e-05,-5.33617529226467e-05,4.32887090325039e-05,-3.7368695499566e-05,3.93766064917309e-05,63.889095993503,23.66773667374,21.9999951164372,22.9812759491881,21.9999027568779,63.6721049083869,22.1700086732205,23.447504136454,22.1723757921925
137,4.67748533206449e-06,0.0538549086724568,9.9246902945623,19.2927094929171,0.982300676818804,10.4181460904039,18.8618941842749,0.983423027918232,-8.23903186320121e-05,4.68712092947405e-05,4.22734902374716e-05,4.13129026454768e-05,-5.02383766552439e-05,4.07549277286736e-05,-3.51814281796385e-05,3.70718119143635e-05,63.8891011158004,23.6677286374069,21.999995402281,22.9812760089134,21.9999084487207,63.6720992512294,22.1700133942691,23.4474996443921,22.1723780969871
138,4.40370215550809e-06,0.0538995644484468,9.92469086264273,19.2927147904875,0.982300637202585,10.4188471785179,18.8628771844429,0.98342456170103,-7.75678402853521e-05,4.41277384361621e-05,3.97991322477142e-05,3.88947736606196e-05,-4.72978183572992e-05,3.83694542982092e-05,-3.31221861719509e-05,3.49019217711247e-05,63.8891059382787,23.6677210714577,21.9999956713938,22.9812760651424,21.999913807408,63.6720939251976,22.1700178389845,23.44749541526,22.1723802668772
139,4.14594410728533e-06,0.0539441103734441,9.92469139747211,19.2927197779797,0.982300599905255,10.4195462650483,18.8638614482989,0.983426090947212,-7.30276318698442e-05,4.15448488335655e-05,3.74696039135573e-05,3.66181826928928e-05,-4.45293772702071e-05,3.61236079313122e-05,-3.1183475890367e-05,3.28590398258808e-05,63.8891104784871,23.6677139483597,21.9999959247551,22.9812761180798,21.99991885244,63.6720889109102,22.1700220235412,23.4474914336677,22.1723823097592
140,3.90327319963428e-06,0.0539885460148413,9.92469190099672,19.2927244735433,0.982300564791077,10.4202433480613,18.8648469718958,0.983427615652595,-6.87531715057135e-05,3.91131413139727e-05,3.52764280054862e-05,3.44748452441778e-05,-4.19229789956127e-05,3.40092159163683e-05,-2.93582423508848e-05,3.09357320120064e-05,63.8891147529475,23.6677072421918,21.9999961632867,22.9812761679182,21.9999236021758,63.6720841901199,22.1700259631667,23.4474876851264,22.172384233067
141,3.67480634794947e-06,0.054032870942299,9.92469237504889,19.2927288942655,0.98230053173226,10.4209384256307,18.8658337512832,0.983429135813014,-6.47289043853021e-05,3.68237668471595e-05,3.32116235083058e-05,3.24569617118049e-05,-3.94691388002865e-05,3.20185839320087e-05,-2.7639843534024e-05,2.9124999417043e-05,63.8891187772146,23.6677009285502,21.9999963878567,22.9812762148392,21.9999280738995,63.6720797456477,22.1700296721975,23.447484155995,22.1723860437996
142,3.45971215615095e-06,0.0540770847277363,9.92469282135372,19.2927330562334,0.982300500608491,10.4216314958384,18.8668217825073,0.98343065142432,-6.09401861477362e-05,3.46683943705735e-05,3.12676765322543e-05,3.05571890326627e-05,-3.71589271280119e-05,3.01444680016518e-05,-2.60220261677871e-05,2.74202527645648e-05,63.8891225659328,23.6676949844595,21.9999965992822,22.9812762590135,21.9999322838839,63.6720755613201,22.1700331641308,23.4474808334309,22.1723877485463
143,3.25720789247852e-06,0.0541211869453233,9.92469324153534,19.2927369745925,0.982300471306505,10.4223225567739,18.867811061611,0.983432162482384,-5.73732296085283e-05,3.26391804462356e-05,2.94375130184046e-05,2.87686139313055e-05,-3.49839370783301e-05,2.83800481811312e-05,-2.4498903017148e-05,2.58152884833037e-05,63.8891261328894,23.6676893882891,21.9999967983326,22.9812763006019,21.999936247449,63.6720716219102,22.1700364516738,23.4474777053435,22.1723893535105
144,3.06655663998489e-06,0.0541651771714708,9.92469363712279,19.2927406636016,0.982300443719662,10.4230116065346,18.8688015846338,0.983433668983094,-5.401505457584e-05,3.07287407386478e-05,2.77144729560489e-05,2.70847277927084e-05,-3.29362538341413e-05,2.67189037004721e-05,-2.30649314301102e-05,2.43042661003375e-05,63.8891294910644,23.6676841196743,21.9999969857322,22.9812763397558,21.9999399790184,63.6720679130825,22.1700395467899,23.4474747603496,22.1723908645329
145,2.88706461577439e-06,0.0542090549848226,9.92469400955562,19.2927441366853,0.982300417747569,10.4236986432259,18.869793347612,0.983435170922355,-5.08534406223262e-05,2.89301231325018e-05,2.60922861728836e-05,2.54994029567562e-05,-3.10084258490145e-05,2.51549896250244e-05,-2.17148931837796e-05,2.28816870043828e-05,63.8891326526784,23.6676791594428,21.999997162163,22.9812763766178,21.9999434921712,63.6720644213405,22.1700424607422,23.4474719877322,22.172392287112
146,2.71807864465484e-06,0.0542528199662466,9.92469436018914,19.292747406482,0.982300393295706,10.4243836649611,18.8707863465785,0.983436668296091,-4.787688259326e-05,2.72367824279788e-05,2.45650494930044e-05,2.4006870423403e-05,-2.91934377242057e-05,2.36826148331342e-05,-2.0443875480774e-05,2.15423744209509e-05,63.8891356292364,23.667674489544,21.9999973282671,22.9812764113219,21.9999467996919,63.6720611339775,22.1700452041347,23.4474693774019,22.1723936264246
147,2.55898378469786e-06,0.054296471698826,9.9246946902993,19.2927504848906,0.982300370275087,10.425066669861,18.8717805775628,0.983438161100243,-4.50745487820163e-05,2.5642556550271e-05,2.31272052747734e-05,2.26016988833037e-05,-2.74846847089776e-05,2.2296421324887e-05,-1.92472530866471e-05,2.02814545899909e-05,63.8891384315702,23.6676700929843,21.9999974846487,22.9812764439946,21.9999499136164,63.672058039031,22.1700477869506,23.4474669198597,22.1723948873444
148,2.40920108665086e-06,0.0543400097678507,9.92469500108739,19.2927533831134,0.982300348601937,10.4257476560547,18.8727760365914,0.98343964933077,-4.24362414585437e-05,2.41416440886665e-05,2.17735211692507e-05,2.12787749141018e-05,-2.58759486264755e-05,2.09913647083152e-05,-1.81206714801585e-05,1.90943390108789e-05,63.8891410698775,23.6676659537646,21.9999976318771,22.9812764747547,21.9999528452765,63.6720551252383,22.1700502185888,23.4474646061625,22.17239607446
149,2.2681854892361e-06,0.0543834337608092,9.92469529368438,19.2927561116971,0.982300328197382,10.426426621679,18.8737727196873,0.983441132983649,-3.99523598042396e-05,2.27285832021822e-05,2.04990711031192e-05,2.00332843941757e-05,-2.4361375264177e-05,1.97626958652507e-05,-1.70600310351019e-05,1.79767077741173e-05,63.8891435537592,23.667662056822,21.9999977704879,22.9812765037143,21.9999556053404,63.6720523819961,22.1700525078981,23.4474624278909,22.1723971920912
150,2.13542383533286e-06,0.0544267432673801,9.92469556915502,19.2927586805711,0.982300308987166,10.4271035648786,18.8747706228703,0.983442612054874,-3.76138649645963e-05,2.1398231755385e-05,1.92992173350088e-05,1.88606949925895e-05,-2.29354530820395e-05,1.86059436517841e-05,-1.60614720804775e-05,1.69244938188804e-05,63.889145892254,23.6676583879757,21.9999979009856,22.9812765309786,21.999958203852,63.6720497993217,22.1700546632092,23.4474603771179,22.1723982443052
151,2.01043300351296e-06,0.0544699378794232,9.92469582850177,19.2927610990834,0.98230029090138,10.427778483806,18.8757697421572,0.983444086540457,-3.54122471380203e-05,2.01457485883484e-05,1.8169593575635e-05,1.77567396595182e-05,-2.15929931372133e-05,1.7516898625046e-05,-1.51213608540353e-05,1.59338681317809e-05,63.8891480938719,23.6676549338747,21.999998023845,22.9812765566471,21.9999606502672,63.6720473678167,22.1700566923655,23.447458446381,22.1723992349309
152,1.89275815002255e-06,0.0545130171909719,9.92469607266839,19.2927633760352,0.982300273874207,10.4284513766217,18.8767700735611,0.983445556436429,-3.33394946123857e-05,1.89665758936295e-05,1.71060891060346e-05,1.67174010946529e-05,-2.03291101952993e-05,1.64915977321025e-05,-1.42362762888083e-05,1.50012258233336e-05,63.8891501666244,23.6676516819495,21.9999981395132,22.981276580813,21.9999629534887,63.6720450786329,22.170058602751,23.4474566286542,22.1724001675732
153,1.78197105544411e-06,0.0545559807982241,9.92469630254341,19.2927655197122,0.982300257843683,10.4291222414941,18.8777716130925,0.983447021738838,-3.13880646391688e-05,1.78564226637881e-05,1.61048338205927e-05,1.57388971564621e-05,-1.9139204988102e-05,1.55263098898075e-05,-1.34029975592557e-05,1.41231730050418e-05,63.8891521180544,23.6676486203663,21.9999982484112,22.9812766035643,21.9999651218979,63.6720429234398,22.1700604013175,23.4474549173226,22.172401045626
154,1.67766856375522e-06,0.0545988282995344,9.92469651896335,19.2927675379152,0.98230024275147,10.4297910765995,18.8787743567582,0.983448482443749,-2.95508559431372e-05,1.68112490358835e-05,1.51621841335676e-05,1.4817667065387e-05,-1.80189474340729e-05,1.46175223979726e-05,-1.2618492359105e-05,1.32965144372433e-05,63.889153955263,23.667645737984,21.9999983509351,22.9812766249839,21.9999671633855,63.6720408943948,22.1700620946103,23.4474533061588,22.1724018722846
155,1.5794711173468e-06,0.0546415592954059,9.92469672271577,19.2927694379886,0.982300228542645,10.430457880122,18.8797783005622,0.983449938547247,-2.78211829155609e-05,1.58272516147498e-05,1.42747097357579e-05,1.39503584659256e-05,-1.69642609070788e-05,1.376192817174e-05,-1.18799058769319e-05,1.25182419123802e-05,63.8891556849361,23.6676430243135,21.9999984474581,22.9812766451497,21.9999690853806,63.6720389841141,22.1700636887909,23.4474517892998,22.1724026505571
156,1.48702137491244e-06,0.0546841733884822,9.92469691454211,19.2927712268467,0.982300215165502,10.4311226502537,18.880783440505,0.983451390045433,-2.6192751266518e-05,1.49008496242486e-05,1.34391811024281e-05,1.31338152175527e-05,-1.59713073927271e-05,1.29564136983608e-05,-1.11845503967248e-05,1.17855232968423e-05,63.8891573133677,23.6676404694799,21.9999985383315,22.9812766641351,21.9999708948774,63.6720371856461,22.1700651896609,23.4474503612257,22.1724033832757
157,1.39998291090722e-06,0.0547266701835391,9.92469709514046,19.2927729109992,0.982300202571358,10.4317853851946,18.8817897725844,0.983452836934426,-2.46596351257822e-05,1.4028671891632e-05,1.26525577242937e-05,1.23650659335466e-05,-1.50364735370382e-05,1.21980476897849e-05,-1.05298955098233e-05,1.10956922168145e-05,63.8891588464839,23.667638064186,21.9999986238858,22.9812766820092,21.9999725984606,63.6720354924462,22.1700666026818,23.4474490167398,22.1724040731068
158,1.31803899105032e-06,0.0547690492874757,9.92469726516799,19.2927744965748,0.982300190714383,10.4324460831527,18.8827972927946,0.983454279210363,-2.32162554652031e-05,1.32075445440607e-05,1.19119770721703e-05,1.16413131229379e-05,-1.41563574604769e-05,1.14840704456193e-05,-9.91355892703961e-06,1.04462383768244e-05,63.8891602898635,23.667635799679,21.9999987044325,22.981276698837,21.9999742023294,63.6720338983529,22.1700679329956,23.4474477509493,22.1724047225606
159,1.24089142127708e-06,0.0548113103093082,9.92469742524345,19.2927759893433,0.982300179551427,10.4331047423438,18.8838059971272,0.983455716869399,-2.18573598293331e-05,1.2434479495767e-05,1.12147441741353e-05,1.09599230513418e-05,-1.33277564171616e-05,1.08118838035051e-05,-9.33329780655738e-06,9.83479842160352e-06,63.8891616487592,23.6676336677183,21.9999987802647,22.9812767146799,21.9999757123206,63.6720323975652,22.1700691854434,23.4474465592482,22.1724053340006
160,1.16825946073469e-06,0.0548534528601606,9.92469757594935,19.2927773947369,0.982300169041867,10.4337613609915,18.8848158815702,0.983457149907709,-2.0578003186905e-05,1.17066635619295e-05,1.05583217853464e-05,1.03184161450411e-05,-1.25476551264135e-05,1.01790416618759e-05,-8.78700057005377e-06,9.25914731252484e-06,63.8891629281158,23.6676316605458,21.9999988516582,22.9812767295954,21.9999771339287,63.6720309846218,22.1700703645828,23.4474454372999,22.1724059096517
161,1.09987880152213e-06,0.0548954765532568,9.92469771783412,19.2927787178699,0.982300159147459,10.4344159373277,18.8858269421089,0.983458578321482,-1.93735299576843e-05,1.10214482155493e-05,9.94032118586073e-06,9.71445795768253e-06,-1.18132147946062e-05,9.5832411092871e-06,-8.27267924541169e-06,8.71719025886537e-06,63.889164132589,23.6676297708572,21.999998918873,22.9812767436378,21.9999784723273,63.6720296543809,22.1700714747046,23.4474443810215,22.1724064516087
162,1.03550060551396e-06,0.0549373810039139,9.92469785141407,19.2927799635572,0.982300149832195,10.435068469592,18.8868391747253,0.983460002106927,-1.82395570517073e-05,1.03763399560425e-05,9.35849345677784e-06,9.14585068867582e-06,-1.11217627910087e-05,9.02231401282237e-06,-7.78846220813449e-06,8.20695506914414e-06,63.8891652665619,23.667627991776,21.9999989821535,22.9812767568582,21.9999797323865,63.6720284020018,22.1700725198488,23.4474433865693,22.1724069618439
163,9.74890600357107e-07,0.0549791658295331,9.9246979771753,19.2927811363318,0.982300141062177,10.4357189560319,18.8878525753986,0.983461421260272,-1.71719579431929e-05,9.76899123059831e-06,8.8107213291509e-06,8.61052517552413e-06,-1.04707829177886e-05,8.49421916081451e-06,-7.33258739815176e-06,7.72658500345974e-06,63.889166334161,23.6676263168282,21.9999990417301,22.9812767693049,21.9999809186919,63.672027222927,22.1700735038184,23.4474424503244,22.172407442214
164,9.17828225873423e-07,0.0550208306495919,9.92469809557546,19.2927822404614,0.98230013280549,10.4363673949029,18.8888671401048,0.98346283577776,-1.61668476346673e-05,9.19719189230164e-06,8.29501145820758e-06,8.10653336626552e-06,-9.85790625399399e-06,7.99703481411033e-06,-6.90339588782559e-06,7.27433199592962e-06,63.8891673392714,23.6676247399185,21.9999990978196,22.9812767810229,21.9999820355604,63.672026112866,22.1700744301943,23.4474415688799,22.172407894467
165,8.64105831550258e-07,0.0550623750856373,9.92469820704541,19.2927832799641,0.982300125032086,10.4370137844685,18.8898828648168,0.983464245655655,-1.52205685247523e-05,8.65886116008728e-06,7.80948716931251e-06,7.63204123632071e-06,-9.28090253787097e-06,7.52895171237622e-06,-6.49932584812717e-06,6.84855029658367e-06,63.8891682855505,23.6676232553087,21.999999150626,22.9812767920551,21.9999830870562,63.6720250677792,22.1700753023474,23.4474407390282,22.1724083202487
166,8.13527921210711e-07,0.055103798761278,9.92469831199079,19.2927842586225,0.982300117713679,10.437658123,18.8908997455048,0.983465650890237,-1.43296770961699e-05,8.15204005242846e-06,7.35238162848866e-06,7.18532211274748e-06,-8.73767205685162e-06,7.08826649021643e-06,-6.11890685680233e-06,6.4476904738659e-06,63.8891691764419,23.6676218575962,21.9999992003416,22.9812768024415,21.9999840770059,63.6720240838635,22.1700761234516,23.4474399577494,22.1724087211085
167,7.65910441680826e-07,0.0551451013021762,9.92469841079349,19.2927851799979,0.982300110823636,10.4383004087769,18.8919177781358,0.983467051477805,-1.34909313965045e-05,7.67488424096453e-06,6.92203143218068e-06,6.76475038241578e-06,-8.22623798863487e-06,6.67337549747875e-06,-5.76075457726772e-06,6.07029380733638e-06,63.8891700151876,23.6676205416946,21.9999992471472,22.9812768122199,21.9999850090116,63.6720231575385,22.1700768964949,23.4474392222004,22.1724090985052
168,7.21080112890002e-07,0.05518628233604,9.92469850381307,19.2927860474434,0.982300104336883,10.4389406400865,18.8929369586738,0.983468447414675,-1.27012792290982e-05,7.22565735148469e-06,6.51687053890858e-06,6.36879558059053e-06,-7.74473922028475e-06,6.28276894877392e-06,-5.42356569641374e-06,5.71498695371396e-06,63.8891708048398,23.6676193028156,21.9999992912132,22.981276821426,21.9999858864652,63.6720222854332,22.1700776242903,23.4474385297047,22.172409453812
169,6.78873796640296e-07,0.0552273414926168,9.92469859138801,19.2927868641154,0.982300098229815,10.4395788152239,18.8939572830799,0.983469838697181,-1.1957847040613e-05,6.80272464658536e-06,6.13542455728601e-06,5.99601682984605e-06,-7.29142357674768e-06,5.9150254160239e-06,-5.10611317601188e-06,5.38047694301276e-06,63.889171548272,23.6676181364507,21.9999993326999,22.9812768300933,21.9999867125596,63.6720214643739,22.1700783094864,23.4474378777421,22.1724097883221
170,6.39137904095491e-07,0.0552682784036843,9.92469867383701,19.292787632986,0.982300092480208,10.4402149324926,18.8949787473124,0.983471225321676,-1.12579294823288e-05,6.4045470721001e-06,5.77630540656085e-06,5.64505758809359e-06,-6.86464144027148e-06,5.56880668161527e-06,-4.80724180955465e-06,5.06554649664406e-06,63.8891722481895,23.6676170383556,21.9999993717583,22.9812768382532,21.999987490301,63.6720206913731,22.1700789545765,23.4474372639403,22.1724101032525
171,6.01727836287231e-07,0.0553090927030447,9.92469875146008,19.2927883568529,0.982300087067139,10.4408489902036,18.8960013473266,0.98347260728453,-1.05989795539132e-05,6.02967565538007e-06,5.43820625544513e-06,5.31464071074655e-06,-6.46283974605639e-06,5.24285285889269e-06,-4.52586400818615e-06,4.76904958695316e-06,63.8891729071394,23.6676160045342,21.9999994085306,22.9812768459354,21.9999882225196,63.6720199636176,22.1700795619081,23.4474366860656,22.1724103997494
172,5.66507457762985e-07,0.055349784026516,9.92469882453972,19.2927890383505,0.982300081970909,10.4414809866761,18.8970250790747,0.983473984582132,-9.978599333984e-06,5.67674624533847e-06,5.11989675143556e-06,5.00356381845078e-06,-6.08455634382321e-06,4.93597779213752e-06,-4.26095582993163e-06,4.4899072530864e-06,63.8891735275196,23.6676150312246,21.9999994431505,22.9812768531681,21.9999889118799,63.6720192784591,22.1700801336914,23.4474361420151,22.1724106788918
173,5.33348601308599e-07,0.0553903520119256,9.92469889334186,19.2927896799585,0.982300077172973,10.4421109202374,18.8980499385063,0.983475357210888,-9.39453125446624e-06,5.34447452648927e-06,4.82021856661467e-06,4.71069489731309e-06,-5.72841465464295e-06,4.64706476345339e-06,-4.01155327476342e-06,4.22710369695978e-06,63.8891741115877,23.6676141148848,21.999999475744,22.9812768599773,21.9999895608905,63.6720186334044,22.170080672007,23.447435629809,22.1724109416953
174,5.02130602023643e-07,0.0554307962991019,9.92469895811686,19.2927902840119,0.982300072655872,10.4427387892224,18.899075921568,0.983476725167222,-8.84464989537017e-06,5.03165136366871e-06,4.53808117388807e-06,4.43496819931652e-06,-5.39311868065635e-06,4.37506242005987e-06,-3.77674876895844e-06,3.97968257871052e-06,63.8891746614691,23.6676132521803,21.9999995064298,22.981276866388,21.9999901719131,63.6720180261061,22.1700811788138,23.4474351475834,22.1724111891164
175,4.72739856766245e-07,0.0554711165298687,9.92469901910045,19.2927908527088,0.982300068403167,10.4433645919745,18.9001030242035,0.983478088447578,-8.32695422657967e-06,4.73713838840008e-06,4.27245786459961e-06,4.17538035397476e-06,-5.07744827433552e-06,4.11898093482883e-06,-3.55568785255265e-06,3.74674352612227e-06,63.8891751791648,23.6676124399716,21.9999995353195,22.9812768724235,21.9999907471714,63.6720174543542,22.1700816559562,23.4474346935834,22.1724114220555
176,4.45069413249122e-07,0.0555113123480357,9.92469907651454,19.2927913881187,0.982300064399382,10.4439883268446,18.9011312423538,0.983479447048414,-7.83956036454537e-06,4.45986387093289e-06,4.02238204450874e-06,3.9309867230423e-06,-4.7802547143959e-06,3.87788843605103e-06,-3.34756609270584e-06,3.52743888223356e-06,63.8891756665586,23.6676116753033,21.9999995625182,22.9812768781057,21.9999912887586,63.6720169160681,22.1700821051705,23.447434266157,22.1724116413601
177,4.19018578315309e-07,0.0555513833993935,9.92469913056806,19.2927918921899,0.982300060629947,10.4446099921919,18.9021605719569,0.983480800966209,-7.38069467467051e-06,4.19881880594132e-06,3.78694368313351e-06,3.70089795424803e-06,-4.50045650983619e-06,3.65090758373474e-06,-3.1516261293062e-06,3.32097059217302e-06,63.8891761254243,23.6676109553925,21.9999995881249,22.9812768834553,21.9999917986455,63.6720164092891,22.1700825280913,23.4474338637488,22.1724118478284
178,3.94492552860095e-07,0.0555913293317052,9.92469918145772,19.2927923667569,0.982300057081146,10.4452295863835,18.9031910089481,0.983482150197461,-6.94868734390691e-06,3.95305325173415e-06,3.56528601695889e-06,3.48427675726589e-06,-4.23703547628427e-06,3.43721239119002e-06,-2.96715493495087e-06,3.12658731583493e-06,63.8891765574316,23.6676102776196,21.9999996122328,22.9812768884917,21.9999922786878,63.6720159321728,22.1700829262577,23.4474334848943,22.1724120422117
179,3.71402086694479e-07,0.0556311497946994,9.9246992293687,19.2927928135464,0.982300053740065,10.4458471077944,18.9042225492598,0.983483494738683,-6.54196629912673e-06,3.72167286331547e-06,3.35660243815354e-06,3.28033484443675e-06,-3.98903302034843e-06,3.23602522599249e-06,-2.79348122462748e-06,2.94358169840605e-06,63.8891769641527,23.6676096395182,21.9999996349296,22.9812768932334,21.9999927306322,63.6720154829832,22.1700833011186,23.4474331282149,22.1724122252173
180,3.49663153479871e-07,0.0556708444400644,9.92469927447535,19.2927932341844,0.982300050594544,10.4464625548077,18.9052551888218,0.983484834586408,-6.15905148070136e-06,3.50383565137252e-06,3.16013354098657e-06,3.08833007593742e-06,-3.7555466650721e-06,3.04661396182665e-06,-2.62997299429642e-06,2.77128777674701e-06,63.8891773470675,23.6676090387661,21.9999996562979,22.9812768976975,21.9999931561233,63.6720150600856,22.1700836540381,23.4474327924128,22.1724123975113
181,3.29196645233527e-07,0.0557104129214391,9.92469931694181,19.2927936302016,0.982300047633137,10.4470759258146,18.9062889235609,0.983486169737187,-5.79854946092024e-06,3.29874889953478e-06,2.97516438149507e-06,2.90756373887964e-06,-3.53572674665112e-06,2.86828933754805e-06,-2.47603524327279e-06,2.60907857934778e-06,63.8891777075695,23.6676084731774,21.9999996764155,22.9812769019003,21.9999935567095,63.6720146619411,22.1700839863004,23.4474324762659,22.1724125597204
182,3.09928084102133e-07,0.0557498548944083,9.92469935692262,19.292794003039,0.982300044845068,10.4476872192141,18.9073237494014,0.983487500187588,-5.4591483685069e-06,3.10566630269139e-06,2.80102184722363e-06,2.7373780303039e-06,-3.32877334604277e-06,2.70040242019145e-06,-2.33110778233734e-06,2.45636381670131e-06,63.8891780469706,23.6676079406937,21.9999996953556,22.9812769058572,21.9999939338486,63.6720142871007,22.1700842991148,23.4474321786236,22.1724127124352
183,2.91787351919637e-07,0.0557891700164937,9.92469939456328,19.2927943540536,0.982300042220191,10.4482964334134,18.9083596622648,0.983488825934198,-5.13961312684572e-06,2.92388523170146e-06,2.6370722375308e-06,2.57715364422764e-06,-3.13393335826909e-06,2.54234227319719e-06,-2.19466322605503e-06,2.31258776563678e-06,63.8891783665059,23.6676074393774,21.999999713187,22.9812769095824,21.999994288913,63.6720139342006,22.1700845936195,23.447431898403,22.1724128562112
184,2.74708434320493e-07,0.0558283579471483,9.92469943000075,19.2927946845225,0.982300039748954,10.4489035668276,18.9093966580696,0.983490146973622,-4.83878094240869e-06,2.75274418479077e-06,2.48271893567942e-06,2.42630752349131e-06,-2.95049776003825e-06,2.39353371167286e-06,-2.06620504839146e-06,2.17722722059664e-06,63.889178667338,23.6676069674041,21.9999997299748,22.9812769130896,21.9999946231947,63.6720136019564,22.1700848708862,23.4474316345843,22.1724129915718
185,2.58629181208797e-07,0.0558674183477492,9.92469946336399,19.2927949956484,0.982300037422364,10.4495086178798,18.9104347327321,0.983491463302482,-4.55555708897113e-06,2.59162037623853e-06,2.33740025496197e-06,2.2842907359374e-06,-2.77779902569666e-06,2.25343522619891e-06,-1.9452657954834e-06,2.04978961027088e-06,63.8891789505619,23.6676065230565,21.9999997457799,22.9812769163915,21.9999949379103,63.6720132891592,22.170085131924,23.4474313862074,22.1724131190094
186,2.43491080021885e-07,0.0559063508815913,9.9246994947744,19.2927952885634,0.982300035231954,10.4501115850012,18.9114738821654,0.98349277491742,-4.28891091250948e-06,2.43992747636346e-06,2.20058737787191e-06,2.15058648295933e-06,-2.61520870433706e-06,2.12153699557685e-06,-1.8314053672175e-06,1.92981118690155e-06,63.8891792172081,23.6676061047174,21.9999997606599,22.9812769195001,21.9999952342048,63.6720129946707,22.1700853776826,23.4474311523686,22.1724132389878
187,2.29239043602869e-07,0.05594515521388,9.92469952434631,19.2927955643335,0.982300033169753,10.4507124666311,18.9125141022804,0.983494081815094,-4.03787209496813e-06,2.29711347842631e-06,2.07178244615175e-06,2.02470821846003e-06,-2.46213513378251e-06,1.99735904579769e-06,-1.7242094291631e-06,1.81685535286025e-06,63.8891794682469,23.6676057108646,21.999999774669,22.9812769224268,21.9999955131567,63.6720127174191,22.1700856090565,23.4474309322168,22.1724133519436
188,2.15821208517386e-07,0.0559838310117242,9.9246995521873,19.2927958239623,0.982300031228258,10.4513112612165,18.9135553889849,0.983495383992183,-3.80152709862055e-06,2.16265867811206e-06,1.95051673733522e-06,1.90619786502049e-06,-2.31802127488136e-06,1.88044949222542e-06,-1.62328789170212e-06,1.71051105812918e-06,63.8891797045919,23.6676053400648,21.9999997878581,22.9812769251821,21.9999957757809,63.6720124563957,22.1700858268876,23.447430724951,22.1724134582879
189,2.03188746885084e-07,0.0560223779441307,9.92469957839871,19.2927960683944,0.982300029400402,10.4519079672129,18.9145977381844,0.98349668144538,-3.57901586183959e-06,2.03607379744338e-06,1.83634895589511e-06,1.79462417143564e-06,-2.18234270029019e-06,1.77038289120548e-06,-1.52827349687251e-06,1.61039131100956e-06,63.8891799271031,23.6676049909687,21.9999998002752,22.9812769277762,21.9999960230331,63.6720122106506,22.1700860319686,23.4474305298168,22.1724135584077
190,1.91295689347618e-07,0.0560607956819967,9.9246996030759,19.2927962985194,0.982300027679534,10.4525025830834,18.9156411457817,0.9834979741714,-3.36952866697329e-06,1.91689818790724e-06,1.7288636541452e-06,1.68958111231444e-06,-2.05460566942747e-06,1.66675871938037e-06,-1.43882049363394e-06,1.51613178245443e-06,63.8891801365903,23.6676046623059,21.9999998119655,22.9812769302185,21.9999962558132,63.6720119792894,22.1700862250458,23.4474303461043,22.1724136526672
191,1.8009875737099e-07,0.0560990838981031,9.92469962630869,19.2927965151747,0.982300026059393,10.4530951072994,18.9166856076768,0.983499262166974,-3.17230319582078e-06,1.80469817702368e-06,1.62766969147984e-06,1.59068644366874e-06,-1.93434535515207e-06,1.56919988663872e-06,-1.35460336082669e-06,1.42738946027165e-06,63.8891803338158,23.6676043528804,21.9999998229715,22.9812769325177,21.9999964749682,63.6720117614702,22.1700864068218,23.4474301731448,22.1724137414096
192,1.69557204782386e-07,0.0561372422671094,9.92469964818162,19.2927967191487,0.982300024534082,10.4536855383403,18.9177311197674,0.983500545428852,-2.98662173540572e-06,1.69906546607004e-06,1.53239881580641e-06,1.4975802856132e-06,-1.82112412698292e-06,1.47735136927958e-06,-1.27531562582768e-06,1.34384140433299e-06,63.8891805194973,23.6676040615662,21.9999998333334,22.9812769346825,21.9999966812956,63.6720115564004,22.170086577958,23.447430010309,22.1724138249576
193,1.59632671142014e-07,0.0561752704655451,9.92469966877428,19.2927969111837,0.982300023098051,10.4542738746935,18.9187776779484,0.983501823953801,-2.81180859536087e-06,1.59961565629736e-06,1.44270434268873e-06,1.40992382280083e-06,-1.71452997163326e-06,1.39087893679143e-06,-1.20066876615535e-06,1.2651835891451e-06,63.8891806943104,23.6676037873033,21.9999998430887,22.9812769367205,21.9999968755462,63.6720113633339,22.1700867390773,23.4474298570044,22.1724139036154
194,1.50289041118784e-07,0.056213168171805,9.9246996881616,19.2927970919785,0.982300021746074,10.4548601148544,18.9198252781122,0.983503097738607,-2.64722763094947e-06,1.50598684916479e-06,1.35825987542415e-06,1.32739807206973e-06,-1.61417499228627e-06,1.30946791750141e-06,-1.13039114274874e-06,1.1911297798353e-06,63.8891808588914,23.6676035290935,21.999999852273,22.9812769386392,21.999997058427,63.6720111815679,22.1700868907659,23.4474297126729,22.1724139776692
195,1.41492312977873e-07,0.0562509350661417,9.92469970641415,19.292797262191,0.982300020473231,10.4554442573266,18.9208739161487,0.983504366780075,-2.49227992944327e-06,1.41783832563421e-06,1.2787581194805e-06,1.24970272065443e-06,-1.51969399314916e-06,1.23282205557966e-06,-1.06422701673889e-06,1.12141049602034e-06,63.8891810138391,23.6676032859973,21.9999998609198,22.9812769404456,21.9999972306033,63.672011010441,22.1700870335759,23.4474295767895,22.1724140473885
196,1.33210475587086e-07,0.0562885708306598,9.92469972359834,19.2927974224406,0.98230001927489,10.4560263006216,18.9219235879453,0.983505631075026,-2.34640163897109e-06,1.33484932173519e-06,1.2039097628046e-06,1.17655504367484e-06,-1.43074316668871e-06,1.16066243146083e-06,-1.00193561141337e-06,1.05577202349398e-06,63.8891811597174,23.66760305713,21.9999998690604,22.9812769421463,21.9999973927018,63.6720108493306,22.1700871680269,23.4474294488596,22.172414113027
197,1.25413391401048e-07,0.0563260751493098,9.9246997397767,19.2927975733105,0.98230001814669,10.4566062432591,18.9229742893867,0.983506890620301,-2.20906190903327e-06,1.25671783505577e-06,1.13344243853932e-06,1.10768885059424e-06,-1.346998815287e-06,1.09272646264346e-06,-9.43290254102635e-07,9.93975509913052e-07,63.8891812970571,23.6676028416588,21.9999998767246,22.9812769437474,21.9999975453124,63.6720106976503,22.1700872946083,23.4474293284178,22.1724141748235
198,1.18072686775579e-07,0.056363447707881,9.92469975500811,19.2927977153496,0.982300017084526,10.4571840837666,18.9240260163554,0.983508145412759,-2.07976095827872e-06,1.18315955107394e-06,1.06709970924894e-06,1.04285354251035e-06,-1.26815619935108e-06,1.02876692331501e-06,-8.88077526443842e-07,9.35796069473877e-07,63.889181426358,23.6676026387995,21.9999998839402,22.9812769452548,21.9999976889903,63.6720105548481,22.1700874137805,23.4474292150256,22.1724142330029
199,1.11161648695725e-07,0.0564006881939958,9.92469976934799,19.292797849075,0.982300016084534,10.45775982068,18.925078764731,0.983509395449276,-1.95802825656046e-06,1.11390677950372e-06,1.0046401613627e-06,9.81813171368393e-07,-1.19392839848684e-06,9.68551072513259e-07,-8.36096516619762e-07,8.81021994871933e-07,63.8891815480907,23.6676024478141,21.9999998907334,22.981276946674,21.9999978242584,63.6720104204044,22.1700875259774,23.4474291082705,22.172414287777
200,1.04655128099003e-07,0.0564377962971029,9.92469978284853,19.292797974973,0.982300015143073,10.4583334525431,18.9261325303912,0.983510640726747,NaN,NaN,NaN,NaN,NaN,NaN,NaN,NaN,NaN,NaN,NaN,NaN,NaN,NaN,NaN,NaN,NaN
